timestamp,symbol,signal,score,confidence_pct,trend_score,momentum_score,reversion_score,ai_score,entry_price,stop_loss,take_profit,reasoning
2026-04-18T17:48:52.182343,XBTUSD,HOLD,0.1961,19.6,0.15,-0.0263,0.3475,0.3542,75924.3,74405.814,78961.272,"Composite score: +0.196 ? HOLD (confidence: 19.6%) | [TREND | w=30% | +0.150] |  EMA50 above EMA200 (2.80% gap) ? uptrend |  Price below EMA50 ? short-term bearish |  MACD below signal line ? bearish momentum |  MACD histogram expanding ? momentum accelerating | [MOMENTUM | w=25% | -0.026] |  No breakout ? price inside recent range |  Normal volume (0.5x average) |  Neutral momentum: 1d=-0.1%, 5d=-0.4%, 20d=-2.0% | [MEAN_REVERSION | w=25% | +0.348] |  RSI in recovery zone (38.5) ? mild bullish lean |  Price near lower Bollinger Band (BB% = 0.12) | [AI_MODEL | w=20% | +0.354] |  Model auto-trained | Accuracy: 49.7% | AUC: 0.541 |  AI predicts UP with 67.7% probability (confidence: 68%) |  Top features: returns_1d_lag1=0.070, vol_ratio=0.059, vol_ratio_lag3=0.055 |  Model metrics ? Accuracy: 49.7%, AUC: 0.541"
2026-04-18T17:49:01.904183,TSLA,HOLD,-0.1849,18.5,-0.55,0.0534,-0.1375,0.0056,400.66,392.6468,416.6864,"Composite score: -0.185 ? HOLD (confidence: 18.5%) | [TREND | w=30% | -0.550] |  EMA50 below EMA200 (0.02% gap) ? downtrend |  Price above EMA50 ? short-term bullish |  MACD bearish crossover (MACD crossed below signal line) |  MACD histogram contracting ? momentum fading | [MOMENTUM | w=25% | +0.053] |  No breakout ? price inside recent range |  Normal volume (0.5x average) |  Strong positive momentum: 1d=-0.3%, 5d=-1.8%, 20d=6.4% | [MEAN_REVERSION | w=25% | -0.138] |  RSI in extended zone (66.0) ? mild bearish lean |  Price in upper half of BB (BB% = 0.74) | [AI_MODEL | w=20% | +0.006] |  AI uncertain ? P(up)=50.3%, P(down)=49.7% |  Top features: returns_1d_lag1=0.070, vol_ratio=0.059, vol_ratio_lag3=0.055 |  Model metrics ? Accuracy: 49.7%, AUC: 0.541"
2026-04-18T17:49:01.904183,TSLA,HOLD,-0.1849,18.5,-0.55,0.0534,-0.1375,0.0056,400.66,392.6468,416.6864,"Composite score: -0.185 ? HOLD (confidence: 18.5%) | [TREND | w=30% | -0.550] |  EMA50 below EMA200 (0.02% gap) ? downtrend |  Price above EMA50 ? short-term bullish |  MACD bearish crossover (MACD crossed below signal line) |  MACD histogram contracting ? momentum fading | [MOMENTUM | w=25% | +0.053] |  No breakout ? price inside recent range |  Normal volume (0.5x average) |  Strong positive momentum: 1d=-0.3%, 5d=-1.8%, 20d=6.4% | [MEAN_REVERSION | w=25% | -0.138] |  RSI in extended zone (66.0) ? mild bearish lean |  Price in upper half of BB (BB% = 0.74) | [AI_MODEL | w=20% | +0.006] |  AI uncertain ? P(up)=50.3%, P(down)=49.7% |  Top features: returns_1d_lag1=0.070, vol_ratio=0.059, vol_ratio_lag3=0.055 |  Model metrics ? Accuracy: 49.7%, AUC: 0.541"
2026-04-18T17:49:01.904183,TSLA,HOLD,-0.1849,18.5,-0.55,0.0534,-0.1375,0.0056,400.66,392.6468,416.6864,"Composite score: -0.185 ? HOLD (confidence: 18.5%) | [TREND | w=30% | -0.550] |  EMA50 below EMA200 (0.02% gap) ? downtrend |  Price above EMA50 ? short-term bullish |  MACD bearish crossover (MACD crossed below signal line) |  MACD histogram contracting ? momentum fading | [MOMENTUM | w=25% | +0.053] |  No breakout ? price inside recent range |  Normal volume (0.5x average) |  Strong positive momentum: 1d=-0.3%, 5d=-1.8%, 20d=6.4% | [MEAN_REVERSION | w=25% | -0.138] |  RSI in extended zone (66.0) ? mild bearish lean |  Price in upper half of BB (BB% = 0.74) | [AI_MODEL | w=20% | +0.006] |  AI uncertain ? P(up)=50.3%, P(down)=49.7% |  Top features: returns_1d_lag1=0.070, vol_ratio=0.059, vol_ratio_lag3=0.055 |  Model metrics ? Accuracy: 49.7%, AUC: 0.541"
2026-04-18T17:49:55.272332,GOOGL,HOLD,-0.1356,13.6,0.15,0.033,-0.76,0.0056,341.61,334.7778,355.2744,"Composite score: -0.136 ? HOLD (confidence: 13.6%) | [TREND | w=30% | +0.150] |  EMA50 above EMA200 (5.25% gap) ? uptrend |  Price above EMA50 ? short-term bullish |  MACD below signal line ? bearish momentum |  MACD histogram expanding ? momentum accelerating | [MOMENTUM | w=25% | +0.033] |  No breakout ? price inside recent range |  Normal volume (1.1x average) |  Neutral momentum: 1d=0.2%, 5d=1.0%, 20d=2.1% | [MEAN_REVERSION | w=25% | -0.760] |  RSI extremely overbought (77.3) ? strong mean-reversion SELL |  Price near upper Bollinger Band (BB% = 0.97) | [AI_MODEL | w=20% | +0.006] |  AI uncertain ? P(up)=50.3%, P(down)=49.7% |  Top features: returns_1d_lag1=0.070, vol_ratio=0.059, vol_ratio_lag3=0.055 |  Model metrics ? Accuracy: 49.7%, AUC: 0.541"
2026-04-20T15:28:12.648678,XBTUSD,HOLD,0.0587,5.9,0.45,0.0206,-0.3475,0.027,75650.5,74137.49,78676.52,"Composite score: +0.059 ? HOLD (confidence: 5.9%) | [TREND | w=30% | +0.450] |  EMA50 above EMA200 (1.02% gap) ? uptrend |  Price above EMA50 ? short-term bullish |  MACD above signal line ? bullish momentum |  MACD histogram expanding ? momentum accelerating | [MOMENTUM | w=25% | +0.021] |  No breakout ? price inside recent range |  Normal volume (1.0x average) |  Neutral momentum: 1d=0.8%, 5d=0.8%, 20d=0.9% | [MEAN_REVERSION | w=25% | -0.348] |  RSI in extended zone (60.1) ? mild bearish lean |  Price near upper Bollinger Band (BB% = 1.00) | [AI_MODEL | w=20% | +0.027] |  Model auto-trained | Accuracy: 50.8% | AUC: 0.552 |  AI uncertain ? P(up)=51.4%, P(down)=48.6% |  Top features: vol_ratio_lag1=0.070, returns_1d_lag1=0.069, bb_pct=0.063 |  Model metrics ? Accuracy: 50.8%, AUC: 0.552"
2026-04-20T15:28:25.721052,TSLA,HOLD,0.0213,2.1,0.05,-0.0218,0.0,0.0587,392.46,384.6108,408.1584,"Composite score: +0.021 ? HOLD (confidence: 2.1%) | [TREND | w=30% | +0.050] |  EMA50 above EMA200 (0.21% gap) ? uptrend |  Price above EMA50 ? short-term bullish |  MACD below signal line ? bearish momentum |  MACD histogram contracting ? momentum fading | [MOMENTUM | w=25% | -0.022] |  No breakout ? price inside recent range |  Normal volume (1.1x average) |  Neutral momentum: 1d=-0.1%, 5d=-2.3%, 20d=-0.1% | [MEAN_REVERSION | w=25% | +0.000] |  RSI neutral (55.3) ? no signal |  Price in lower half of BB (BB% = 0.45) | [AI_MODEL | w=20% | +0.059] |  AI uncertain ? P(up)=52.9%, P(down)=47.1% |  Top features: vol_ratio_lag1=0.070, returns_1d_lag1=0.069, bb_pct=0.063 |  Model metrics ? Accuracy: 50.8%, AUC: 0.552"
2026-04-20T15:28:25.721052,TSLA,HOLD,0.0213,2.1,0.05,-0.0218,0.0,0.0587,392.46,384.6108,408.1584,"Composite score: +0.021 ? HOLD (confidence: 2.1%) | [TREND | w=30% | +0.050] |  EMA50 above EMA200 (0.21% gap) ? uptrend |  Price above EMA50 ? short-term bullish |  MACD below signal line ? bearish momentum |  MACD histogram contracting ? momentum fading | [MOMENTUM | w=25% | -0.022] |  No breakout ? price inside recent range |  Normal volume (1.1x average) |  Neutral momentum: 1d=-0.1%, 5d=-2.3%, 20d=-0.1% | [MEAN_REVERSION | w=25% | +0.000] |  RSI neutral (55.3) ? no signal |  Price in lower half of BB (BB% = 0.45) | [AI_MODEL | w=20% | +0.059] |  AI uncertain ? P(up)=52.9%, P(down)=47.1% |  Top features: vol_ratio_lag1=0.070, returns_1d_lag1=0.069, bb_pct=0.063 |  Model metrics ? Accuracy: 50.8%, AUC: 0.552"
2026-04-20T15:28:25.721052,TSLA,HOLD,0.0213,2.1,0.05,-0.0218,0.0,0.0587,392.46,384.6108,408.1584,"Composite score: +0.021 ? HOLD (confidence: 2.1%) | [TREND | w=30% | +0.050] |  EMA50 above EMA200 (0.21% gap) ? uptrend |  Price above EMA50 ? short-term bullish |  MACD below signal line ? bearish momentum |  MACD histogram contracting ? momentum fading | [MOMENTUM | w=25% | -0.022] |  No breakout ? price inside recent range |  Normal volume (1.1x average) |  Neutral momentum: 1d=-0.1%, 5d=-2.3%, 20d=-0.1% | [MEAN_REVERSION | w=25% | +0.000] |  RSI neutral (55.3) ? no signal |  Price in lower half of BB (BB% = 0.45) | [AI_MODEL | w=20% | +0.059] |  AI uncertain ? P(up)=52.9%, P(down)=47.1% |  Top features: vol_ratio_lag1=0.070, returns_1d_lag1=0.069, bb_pct=0.063 |  Model metrics ? Accuracy: 50.8%, AUC: 0.552"
2026-04-20T15:29:11.581969,TSLA,HOLD,0.1347,13.5,0.45,-0.0021,0.0,0.0012,392.1701,384.3267,407.8569,"Composite score: +0.135 ? HOLD (confidence: 13.5%) | [TREND | w=30% | +0.450] |  EMA50 above EMA200 (0.89% gap) ? uptrend |  Price below EMA50 ? short-term bearish |  MACD above signal line ? bullish momentum |  MACD histogram expanding ? momentum accelerating | [MOMENTUM | w=25% | -0.002] |  No breakout ? price inside recent range |  Normal volume (0.6x average) |  Neutral momentum: 1d=-0.1%, 5d=0.5%, 20d=-0.6% | [MEAN_REVERSION | w=25% | +0.000] |  RSI neutral (41.2) ? no signal |  Price in lower half of BB (BB% = 0.40) | [AI_MODEL | w=20% | +0.001] |  AI uncertain ? P(up)=50.1%, P(down)=49.9% |  Top features: vol_ratio_lag1=0.070, returns_1d_lag1=0.069, bb_pct=0.063 |  Model metrics ? Accuracy: 50.8%, AUC: 0.552"
2026-04-20T15:29:11.581969,TSLA,HOLD,0.1347,13.5,0.45,-0.0021,0.0,0.0012,392.1701,384.3267,407.8569,"Composite score: +0.135 ? HOLD (confidence: 13.5%) | [TREND | w=30% | +0.450] |  EMA50 above EMA200 (0.89% gap) ? uptrend |  Price below EMA50 ? short-term bearish |  MACD above signal line ? bullish momentum |  MACD histogram expanding ? momentum accelerating | [MOMENTUM | w=25% | -0.002] |  No breakout ? price inside recent range |  Normal volume (0.6x average) |  Neutral momentum: 1d=-0.1%, 5d=0.5%, 20d=-0.6% | [MEAN_REVERSION | w=25% | +0.000] |  RSI neutral (41.2) ? no signal |  Price in lower half of BB (BB% = 0.40) | [AI_MODEL | w=20% | +0.001] |  AI uncertain ? P(up)=50.1%, P(down)=49.9% |  Top features: vol_ratio_lag1=0.070, returns_1d_lag1=0.069, bb_pct=0.063 |  Model metrics ? Accuracy: 50.8%, AUC: 0.552"
2026-04-20T15:29:11.581969,TSLA,HOLD,0.1347,13.5,0.45,-0.0021,0.0,0.0012,392.1701,384.3267,407.8569,"Composite score: +0.135 ? HOLD (confidence: 13.5%) | [TREND | w=30% | +0.450] |  EMA50 above EMA200 (0.89% gap) ? uptrend |  Price below EMA50 ? short-term bearish |  MACD above signal line ? bullish momentum |  MACD histogram expanding ? momentum accelerating | [MOMENTUM | w=25% | -0.002] |  No breakout ? price inside recent range |  Normal volume (0.6x average) |  Neutral momentum: 1d=-0.1%, 5d=0.5%, 20d=-0.6% | [MEAN_REVERSION | w=25% | +0.000] |  RSI neutral (41.2) ? no signal |  Price in lower half of BB (BB% = 0.40) | [AI_MODEL | w=20% | +0.001] |  AI uncertain ? P(up)=50.1%, P(down)=49.9% |  Top features: vol_ratio_lag1=0.070, returns_1d_lag1=0.069, bb_pct=0.063 |  Model metrics ? Accuracy: 50.8%, AUC: 0.552"
2026-04-20T15:29:11.581969,TSLA,HOLD,0.1347,13.5,0.45,-0.0021,0.0,0.0012,392.1701,384.3267,407.8569,"Composite score: +0.135 ? HOLD (confidence: 13.5%) | [TREND | w=30% | +0.450] |  EMA50 above EMA200 (0.89% gap) ? uptrend |  Price below EMA50 ? short-term bearish |  MACD above signal line ? bullish momentum |  MACD histogram expanding ? momentum accelerating | [MOMENTUM | w=25% | -0.002] |  No breakout ? price inside recent range |  Normal volume (0.6x average) |  Neutral momentum: 1d=-0.1%, 5d=0.5%, 20d=-0.6% | [MEAN_REVERSION | w=25% | +0.000] |  RSI neutral (41.2) ? no signal |  Price in lower half of BB (BB% = 0.40) | [AI_MODEL | w=20% | +0.001] |  AI uncertain ? P(up)=50.1%, P(down)=49.9% |  Top features: vol_ratio_lag1=0.070, returns_1d_lag1=0.069, bb_pct=0.063 |  Model metrics ? Accuracy: 50.8%, AUC: 0.552"
2026-04-20T15:29:11.581969,TSLA,HOLD,0.1347,13.5,0.45,-0.0021,0.0,0.0012,392.1701,384.3267,407.8569,"Composite score: +0.135 ? HOLD (confidence: 13.5%) | [TREND | w=30% | +0.450] |  EMA50 above EMA200 (0.89% gap) ? uptrend |  Price below EMA50 ? short-term bearish |  MACD above signal line ? bullish momentum |  MACD histogram expanding ? momentum accelerating | [MOMENTUM | w=25% | -0.002] |  No breakout ? price inside recent range |  Normal volume (0.6x average) |  Neutral momentum: 1d=-0.1%, 5d=0.5%, 20d=-0.6% | [MEAN_REVERSION | w=25% | +0.000] |  RSI neutral (41.2) ? no signal |  Price in lower half of BB (BB% = 0.40) | [AI_MODEL | w=20% | +0.001] |  AI uncertain ? P(up)=50.1%, P(down)=49.9% |  Top features: vol_ratio_lag1=0.070, returns_1d_lag1=0.069, bb_pct=0.063 |  Model metrics ? Accuracy: 50.8%, AUC: 0.552"
2026-04-20T15:29:11.581969,TSLA,HOLD,0.1347,13.5,0.45,-0.0021,0.0,0.0012,392.1701,384.3267,407.8569,"Composite score: +0.135 ? HOLD (confidence: 13.5%) | [TREND | w=30% | +0.450] |  EMA50 above EMA200 (0.89% gap) ? uptrend |  Price below EMA50 ? short-term bearish |  MACD above signal line ? bullish momentum |  MACD histogram expanding ? momentum accelerating | [MOMENTUM | w=25% | -0.002] |  No breakout ? price inside recent range |  Normal volume (0.6x average) |  Neutral momentum: 1d=-0.1%, 5d=0.5%, 20d=-0.6% | [MEAN_REVERSION | w=25% | +0.000] |  RSI neutral (41.2) ? no signal |  Price in lower half of BB (BB% = 0.40) | [AI_MODEL | w=20% | +0.001] |  AI uncertain ? P(up)=50.1%, P(down)=49.9% |  Top features: vol_ratio_lag1=0.070, returns_1d_lag1=0.069, bb_pct=0.063 |  Model metrics ? Accuracy: 50.8%, AUC: 0.552"
2026-04-20T15:31:35.046107,TSLA,HOLD,0.1137,11.4,0.45,-0.0063,0.0,-0.0988,392.42,384.5716,408.1168,"Composite score: +0.114 ? HOLD (confidence: 11.4%) | [TREND | w=30% | +0.450] |  EMA50 above EMA200 (0.86% gap) ? uptrend |  Price below EMA50 ? short-term bearish |  MACD above signal line ? bullish momentum |  MACD histogram expanding ? momentum accelerating | [MOMENTUM | w=25% | -0.006] |  No breakout ? price inside recent range |  Normal volume (0.1x average) |  Neutral momentum: 1d=-0.2%, 5d=0.7%, 20d=-1.0% | [MEAN_REVERSION | w=25% | +0.000] |  RSI neutral (42.7) ? no signal |  Price in lower half of BB (BB% = 0.45) | [AI_MODEL | w=20% | -0.099] |  AI uncertain ? P(up)=45.1%, P(down)=54.9% |  Top features: vol_ratio_lag1=0.070, returns_1d_lag1=0.069, bb_pct=0.063 |  Model metrics ? Accuracy: 50.8%, AUC: 0.552"
2026-04-20T15:31:35.046107,TSLA,HOLD,0.1137,11.4,0.45,-0.0063,0.0,-0.0988,392.42,384.5716,408.1168,"Composite score: +0.114 ? HOLD (confidence: 11.4%) | [TREND | w=30% | +0.450] |  EMA50 above EMA200 (0.86% gap) ? uptrend |  Price below EMA50 ? short-term bearish |  MACD above signal line ? bullish momentum |  MACD histogram expanding ? momentum accelerating | [MOMENTUM | w=25% | -0.006] |  No breakout ? price inside recent range |  Normal volume (0.1x average) |  Neutral momentum: 1d=-0.2%, 5d=0.7%, 20d=-1.0% | [MEAN_REVERSION | w=25% | +0.000] |  RSI neutral (42.7) ? no signal |  Price in lower half of BB (BB% = 0.45) | [AI_MODEL | w=20% | -0.099] |  AI uncertain ? P(up)=45.1%, P(down)=54.9% |  Top features: vol_ratio_lag1=0.070, returns_1d_lag1=0.069, bb_pct=0.063 |  Model metrics ? Accuracy: 50.8%, AUC: 0.552"
2026-04-20T15:32:12.565360,TSLA,HOLD,0.1138,11.4,0.45,-0.0059,0.0,-0.0988,392.47,384.6206,408.1688,"Composite score: +0.114 ? HOLD (confidence: 11.4%) | [TREND | w=30% | +0.450] |  EMA50 above EMA200 (0.86% gap) ? uptrend |  Price below EMA50 ? short-term bearish |  MACD above signal line ? bullish momentum |  MACD histogram expanding ? momentum accelerating | [MOMENTUM | w=25% | -0.006] |  No breakout ? price inside recent range |  Normal volume (0.3x average) |  Neutral momentum: 1d=-0.2%, 5d=0.7%, 20d=-1.0% | [MEAN_REVERSION | w=25% | +0.000] |  RSI neutral (42.9) ? no signal |  Price in lower half of BB (BB% = 0.45) | [AI_MODEL | w=20% | -0.099] |  AI uncertain ? P(up)=45.1%, P(down)=54.9% |  Top features: vol_ratio_lag1=0.070, returns_1d_lag1=0.069, bb_pct=0.063 |  Model metrics ? Accuracy: 50.8%, AUC: 0.552"
2026-04-20T16:22:20.263032,XBTUSD,HOLD,0.0169,1.7,0.05,-0.0028,0.0,0.013,75446.2,73937.276,78464.048,"Composite score: +0.017 ? HOLD (confidence: 1.7%) | [TREND | w=30% | +0.050] |  EMA50 above EMA200 (0.38% gap) ? uptrend |  Price above EMA50 ? short-term bullish |  MACD below signal line ? bearish momentum |  MACD histogram contracting ? momentum fading | [MOMENTUM | w=25% | -0.003] |  No breakout ? price inside recent range |  Normal volume (0.1x average) |  Neutral momentum: 1d=-0.0%, 5d=-0.4%, 20d=0.1% | [MEAN_REVERSION | w=25% | +0.000] |  RSI neutral (50.7) ? no signal |  Price in upper half of BB (BB% = 0.54) | [AI_MODEL | w=20% | +0.013] |  AI uncertain ? P(up)=50.6%, P(down)=49.4% |  Top features: vol_ratio_lag1=0.070, returns_1d_lag1=0.069, bb_pct=0.063 |  Model metrics ? Accuracy: 50.8%, AUC: 0.552"
2026-04-20T16:22:43.804451,XBTUSD,HOLD,-0.1128,11.3,-0.35,0.0477,0.0,-0.0988,105.9298,103.8112,110.167,"Composite score: -0.113 ? HOLD (confidence: 11.3%) | [TREND | w=30% | -0.350] |  EMA50 below EMA200 (0.27% gap) ? downtrend |  Price above EMA50 ? short-term bullish |  MACD below signal line ? bearish momentum |  MACD histogram expanding ? momentum accelerating | [MOMENTUM | w=25% | +0.048] |  No breakout ? price inside recent range |  Normal volume (0.7x average) |  Neutral momentum: 1d=0.1%, 5d=1.1%, 20d=3.4% | [MEAN_REVERSION | w=25% | +0.000] |  RSI neutral (56.5) ? no signal |  Price in upper half of BB (BB% = 0.62) | [AI_MODEL | w=20% | -0.099] |  AI uncertain ? P(up)=45.1%, P(down)=54.9% |  Top features: vol_ratio_lag1=0.070, returns_1d_lag1=0.069, bb_pct=0.063 |  Model metrics ? Accuracy: 50.8%, AUC: 0.552"
2026-04-20T16:22:49.258325,TSLA,HOLD,0.1386,13.9,0.45,0.0039,0.0,0.013,392.605,384.7529,408.3092,"Composite score: +0.139 ? HOLD (confidence: 13.9%) | [TREND | w=30% | +0.450] |  EMA50 above EMA200 (0.50% gap) ? uptrend |  Price below EMA50 ? short-term bearish |  MACD above signal line ? bullish momentum |  MACD histogram expanding ? momentum accelerating | [MOMENTUM | w=25% | +0.004] |  No breakout ? price inside recent range |  Normal volume (0.4x average) |  Neutral momentum: 1d=-0.0%, 5d=0.5%, 20d=-0.0% | [MEAN_REVERSION | w=25% | +0.000] |  RSI neutral (48.6) ? no signal |  Price in upper half of BB (BB% = 0.78) | [AI_MODEL | w=20% | +0.013] |  AI uncertain ? P(up)=50.6%, P(down)=49.4% |  Top features: vol_ratio_lag1=0.070, returns_1d_lag1=0.069, bb_pct=0.063 |  Model metrics ? Accuracy: 50.8%, AUC: 0.552"
2026-04-20T16:22:49.258325,TSLA,HOLD,0.1386,13.9,0.45,0.0039,0.0,0.013,392.605,384.7529,408.3092,"Composite score: +0.139 ? HOLD (confidence: 13.9%) | [TREND | w=30% | +0.450] |  EMA50 above EMA200 (0.50% gap) ? uptrend |  Price below EMA50 ? short-term bearish |  MACD above signal line ? bullish momentum |  MACD histogram expanding ? momentum accelerating | [MOMENTUM | w=25% | +0.004] |  No breakout ? price inside recent range |  Normal volume (0.4x average) |  Neutral momentum: 1d=-0.0%, 5d=0.5%, 20d=-0.0% | [MEAN_REVERSION | w=25% | +0.000] |  RSI neutral (48.6) ? no signal |  Price in upper half of BB (BB% = 0.78) | [AI_MODEL | w=20% | +0.013] |  AI uncertain ? P(up)=50.6%, P(down)=49.4% |  Top features: vol_ratio_lag1=0.070, returns_1d_lag1=0.069, bb_pct=0.063 |  Model metrics ? Accuracy: 50.8%, AUC: 0.552"
2026-04-20T16:22:49.258325,TSLA,HOLD,0.1386,13.9,0.45,0.0039,0.0,0.013,392.605,384.7529,408.3092,"Composite score: +0.139 ? HOLD (confidence: 13.9%) | [TREND | w=30% | +0.450] |  EMA50 above EMA200 (0.50% gap) ? uptrend |  Price below EMA50 ? short-term bearish |  MACD above signal line ? bullish momentum |  MACD histogram expanding ? momentum accelerating | [MOMENTUM | w=25% | +0.004] |  No breakout ? price inside recent range |  Normal volume (0.4x average) |  Neutral momentum: 1d=-0.0%, 5d=0.5%, 20d=-0.0% | [MEAN_REVERSION | w=25% | +0.000] |  RSI neutral (48.6) ? no signal |  Price in upper half of BB (BB% = 0.78) | [AI_MODEL | w=20% | +0.013] |  AI uncertain ? P(up)=50.6%, P(down)=49.4% |  Top features: vol_ratio_lag1=0.070, returns_1d_lag1=0.069, bb_pct=0.063 |  Model metrics ? Accuracy: 50.8%, AUC: 0.552"
2026-04-20T16:22:49.258325,TSLA,HOLD,0.1386,13.9,0.45,0.0039,0.0,0.013,392.605,384.7529,408.3092,"Composite score: +0.139 ? HOLD (confidence: 13.9%) | [TREND | w=30% | +0.450] |  EMA50 above EMA200 (0.50% gap) ? uptrend |  Price below EMA50 ? short-term bearish |  MACD above signal line ? bullish momentum |  MACD histogram expanding ? momentum accelerating | [MOMENTUM | w=25% | +0.004] |  No breakout ? price inside recent range |  Normal volume (0.4x average) |  Neutral momentum: 1d=-0.0%, 5d=0.5%, 20d=-0.0% | [MEAN_REVERSION | w=25% | +0.000] |  RSI neutral (48.6) ? no signal |  Price in upper half of BB (BB% = 0.78) | [AI_MODEL | w=20% | +0.013] |  AI uncertain ? P(up)=50.6%, P(down)=49.4% |  Top features: vol_ratio_lag1=0.070, returns_1d_lag1=0.069, bb_pct=0.063 |  Model metrics ? Accuracy: 50.8%, AUC: 0.552"
2026-04-20T16:22:49.258325,TSLA,HOLD,0.1386,13.9,0.45,0.0039,0.0,0.013,392.605,384.7529,408.3092,"Composite score: +0.139 ? HOLD (confidence: 13.9%) | [TREND | w=30% | +0.450] |  EMA50 above EMA200 (0.50% gap) ? uptrend |  Price below EMA50 ? short-term bearish |  MACD above signal line ? bullish momentum |  MACD histogram expanding ? momentum accelerating | [MOMENTUM | w=25% | +0.004] |  No breakout ? price inside recent range |  Normal volume (0.4x average) |  Neutral momentum: 1d=-0.0%, 5d=0.5%, 20d=-0.0% | [MEAN_REVERSION | w=25% | +0.000] |  RSI neutral (48.6) ? no signal |  Price in upper half of BB (BB% = 0.78) | [AI_MODEL | w=20% | +0.013] |  AI uncertain ? P(up)=50.6%, P(down)=49.4% |  Top features: vol_ratio_lag1=0.070, returns_1d_lag1=0.069, bb_pct=0.063 |  Model metrics ? Accuracy: 50.8%, AUC: 0.552"
2026-04-20T16:24:05.772208,TSLA,HOLD,0.0863,8.6,0.45,0.0047,-0.21,0.013,392.73,384.8754,408.4392,"Composite score: +0.086 ? HOLD (confidence: 8.6%) | [TREND | w=30% | +0.450] |  EMA50 above EMA200 (0.50% gap) ? uptrend |  Price below EMA50 ? short-term bearish |  MACD above signal line ? bullish momentum |  MACD histogram expanding ? momentum accelerating | [MOMENTUM | w=25% | +0.005] |  No breakout ? price inside recent range |  Normal volume (0.6x average) |  Neutral momentum: 1d=-0.0%, 5d=0.5%, 20d=0.0% | [MEAN_REVERSION | w=25% | -0.210] |  RSI neutral (49.3) ? no signal |  Price near upper Bollinger Band (BB% = 0.81) | [AI_MODEL | w=20% | +0.013] |  AI uncertain ? P(up)=50.6%, P(down)=49.4% |  Top features: vol_ratio_lag1=0.070, returns_1d_lag1=0.069, bb_pct=0.063 |  Model metrics ? Accuracy: 50.8%, AUC: 0.552"
2026-04-20T16:24:43.169076,TSLA,HOLD,0.1383,13.8,0.45,0.0027,0.0,0.013,392.41,384.5618,408.1064,"Composite score: +0.138 ? HOLD (confidence: 13.8%) | [TREND | w=30% | +0.450] |  EMA50 above EMA200 (0.50% gap) ? uptrend |  Price below EMA50 ? short-term bearish |  MACD above signal line ? bullish momentum |  MACD histogram expanding ? momentum accelerating | [MOMENTUM | w=25% | +0.003] |  No breakout ? price inside recent range |  Normal volume (0.7x average) |  Neutral momentum: 1d=-0.1%, 5d=0.4%, 20d=-0.1% | [MEAN_REVERSION | w=25% | +0.000] |  RSI neutral (47.7) ? no signal |  Price in upper half of BB (BB% = 0.73) | [AI_MODEL | w=20% | +0.013] |  AI uncertain ? P(up)=50.6%, P(down)=49.4% |  Top features: vol_ratio_lag1=0.070, returns_1d_lag1=0.069, bb_pct=0.063 |  Model metrics ? Accuracy: 50.8%, AUC: 0.552"
2026-04-20T16:25:33.741860,TSLA,HOLD,0.1446,14.5,0.45,0.0025,0.0,0.0447,392.4672,384.6178,408.1659,"Composite score: +0.145 ? HOLD (confidence: 14.5%) | [TREND | w=30% | +0.450] |  EMA50 above EMA200 (0.47% gap) ? uptrend |  Price below EMA50 ? short-term bearish |  MACD above signal line ? bullish momentum |  MACD histogram expanding ? momentum accelerating | [MOMENTUM | w=25% | +0.003] |  No breakout ? price inside recent range |  Normal volume (0.0x average) |  Neutral momentum: 1d=0.1%, 5d=0.4%, 20d=-0.1% | [MEAN_REVERSION | w=25% | +0.000] |  RSI neutral (48.1) ? no signal |  Price in upper half of BB (BB% = 0.77) | [AI_MODEL | w=20% | +0.045] |  AI uncertain ? P(up)=52.2%, P(down)=47.8% |  Top features: vol_ratio_lag1=0.070, returns_1d_lag1=0.069, bb_pct=0.063 |  Model metrics ? Accuracy: 50.8%, AUC: 0.552"
2026-04-20T16:34:03.984589,TSLA,HOLD,0.087,8.7,0.45,0.0076,-0.21,0.013,392.99,385.1302,408.7096,"Composite score: +0.087 ? HOLD (confidence: 8.7%) | [TREND | w=30% | +0.450] |  EMA50 above EMA200 (0.46% gap) ? uptrend |  Price below EMA50 ? short-term bearish |  MACD above signal line ? bullish momentum |  MACD histogram expanding ? momentum accelerating | [MOMENTUM | w=25% | +0.008] |  No breakout ? price inside recent range |  Normal volume (0.3x average) |  Neutral momentum: 1d=0.1%, 5d=0.3%, 20d=0.4% | [MEAN_REVERSION | w=25% | -0.210] |  RSI neutral (51.1) ? no signal |  Price near upper Bollinger Band (BB% = 0.87) | [AI_MODEL | w=20% | +0.013] |  AI uncertain ? P(up)=50.6%, P(down)=49.4% |  Top features: vol_ratio_lag1=0.070, returns_1d_lag1=0.069, bb_pct=0.063 |  Model metrics ? Accuracy: 50.8%, AUC: 0.552"
2026-04-20T16:34:03.984589,TSLA,HOLD,0.087,8.7,0.45,0.0076,-0.21,0.013,392.99,385.1302,408.7096,"Composite score: +0.087 ? HOLD (confidence: 8.7%) | [TREND | w=30% | +0.450] |  EMA50 above EMA200 (0.46% gap) ? uptrend |  Price below EMA50 ? short-term bearish |  MACD above signal line ? bullish momentum |  MACD histogram expanding ? momentum accelerating | [MOMENTUM | w=25% | +0.008] |  No breakout ? price inside recent range |  Normal volume (0.3x average) |  Neutral momentum: 1d=0.1%, 5d=0.3%, 20d=0.4% | [MEAN_REVERSION | w=25% | -0.210] |  RSI neutral (51.1) ? no signal |  Price near upper Bollinger Band (BB% = 0.87) | [AI_MODEL | w=20% | +0.013] |  AI uncertain ? P(up)=50.6%, P(down)=49.4% |  Top features: vol_ratio_lag1=0.070, returns_1d_lag1=0.069, bb_pct=0.063 |  Model metrics ? Accuracy: 50.8%, AUC: 0.552"
2026-04-20T17:33:14.609218,TSLA,HOLD,0.0219,2.2,0.05,-0.0214,0.0,0.061,391.82,383.9836,407.4928,"Composite score: +0.022 ? HOLD (confidence: 2.2%) | [TREND | w=30% | +0.050] |  EMA50 above EMA200 (0.51% gap) ? uptrend |  Price above EMA50 ? short-term bullish |  MACD below signal line ? bearish momentum |  MACD histogram contracting ? momentum fading | [MOMENTUM | w=25% | -0.021] |  No breakout ? price inside recent range |  Normal volume (0.0x average) |  Neutral momentum: 1d=-0.0%, 5d=-2.2%, 20d=-0.2% | [MEAN_REVERSION | w=25% | +0.000] |  RSI neutral (54.3) ? no signal |  Price in lower half of BB (BB% = 0.41) | [AI_MODEL | w=20% | +0.061] |  AI uncertain ? P(up)=53.1%, P(down)=46.9% |  Top features: vol_ratio_lag1=0.070, returns_1d_lag1=0.069, bb_pct=0.063 |  Model metrics ? Accuracy: 50.8%, AUC: 0.552"
2026-04-20T17:33:14.609218,TSLA,HOLD,0.0219,2.2,0.05,-0.0214,0.0,0.061,391.82,383.9836,407.4928,"Composite score: +0.022 ? HOLD (confidence: 2.2%) | [TREND | w=30% | +0.050] |  EMA50 above EMA200 (0.51% gap) ? uptrend |  Price above EMA50 ? short-term bullish |  MACD below signal line ? bearish momentum |  MACD histogram contracting ? momentum fading | [MOMENTUM | w=25% | -0.021] |  No breakout ? price inside recent range |  Normal volume (0.0x average) |  Neutral momentum: 1d=-0.0%, 5d=-2.2%, 20d=-0.2% | [MEAN_REVERSION | w=25% | +0.000] |  RSI neutral (54.3) ? no signal |  Price in lower half of BB (BB% = 0.41) | [AI_MODEL | w=20% | +0.061] |  AI uncertain ? P(up)=53.1%, P(down)=46.9% |  Top features: vol_ratio_lag1=0.070, returns_1d_lag1=0.069, bb_pct=0.063 |  Model metrics ? Accuracy: 50.8%, AUC: 0.552"
2026-04-20T17:33:14.609218,TSLA,HOLD,0.0219,2.2,0.05,-0.0214,0.0,0.061,391.82,383.9836,407.4928,"Composite score: +0.022 ? HOLD (confidence: 2.2%) | [TREND | w=30% | +0.050] |  EMA50 above EMA200 (0.51% gap) ? uptrend |  Price above EMA50 ? short-term bullish |  MACD below signal line ? bearish momentum |  MACD histogram contracting ? momentum fading | [MOMENTUM | w=25% | -0.021] |  No breakout ? price inside recent range |  Normal volume (0.0x average) |  Neutral momentum: 1d=-0.0%, 5d=-2.2%, 20d=-0.2% | [MEAN_REVERSION | w=25% | +0.000] |  RSI neutral (54.3) ? no signal |  Price in lower half of BB (BB% = 0.41) | [AI_MODEL | w=20% | +0.061] |  AI uncertain ? P(up)=53.1%, P(down)=46.9% |  Top features: vol_ratio_lag1=0.070, returns_1d_lag1=0.069, bb_pct=0.063 |  Model metrics ? Accuracy: 50.8%, AUC: 0.552"
2026-04-20T17:33:58.947686,TSLA,HOLD,0.0223,2.2,0.05,-0.0197,0.0,0.061,392.093,384.2511,407.7767,"Composite score: +0.022 ? HOLD (confidence: 2.2%) | [TREND | w=30% | +0.050] |  EMA50 above EMA200 (0.51% gap) ? uptrend |  Price above EMA50 ? short-term bullish |  MACD below signal line ? bearish momentum |  MACD histogram contracting ? momentum fading | [MOMENTUM | w=25% | -0.020] |  No breakout ? price inside recent range |  Normal volume (0.0x average) |  Neutral momentum: 1d=0.0%, 5d=-2.1%, 20d=-0.1% | [MEAN_REVERSION | w=25% | +0.000] |  RSI neutral (54.7) ? no signal |  Price in lower half of BB (BB% = 0.42) | [AI_MODEL | w=20% | +0.061] |  AI uncertain ? P(up)=53.1%, P(down)=46.9% |  Top features: vol_ratio_lag1=0.070, returns_1d_lag1=0.069, bb_pct=0.063 |  Model metrics ? Accuracy: 50.8%, AUC: 0.552"
2026-04-20T17:34:12.513018,TSLA,HOLD,0.115,11.5,0.35,0.0044,0.0,0.0447,391.97,384.1306,407.6488,"Composite score: +0.115 ? HOLD (confidence: 11.5%) | [TREND | w=30% | +0.350] |  EMA50 above EMA200 (0.22% gap) ? uptrend |  Price below EMA50 ? short-term bearish |  MACD above signal line ? bullish momentum |  MACD histogram contracting ? momentum fading | [MOMENTUM | w=25% | +0.004] |  No breakout ? price inside recent range |  Normal volume (0.6x average) |  Neutral momentum: 1d=0.0%, 5d=0.1%, 20d=0.3% | [MEAN_REVERSION | w=25% | +0.000] |  RSI neutral (47.4) ? no signal |  Price in upper half of BB (BB% = 0.52) | [AI_MODEL | w=20% | +0.045] |  AI uncertain ? P(up)=52.2%, P(down)=47.8% |  Top features: vol_ratio_lag1=0.070, returns_1d_lag1=0.069, bb_pct=0.063 |  Model metrics ? Accuracy: 50.8%, AUC: 0.552"
2026-04-23T16:01:58.421863,XBTUSD,HOLD,0.1802,18.0,0.55,0.0084,0.0,0.0653,78455.5,76886.39,81593.72,"Composite score: +0.180 ? HOLD (confidence: 18.0%) | [TREND | w=30% | +0.550] |  EMA50 above EMA200 (2.23% gap) ? uptrend |  Price above EMA50 ? short-term bullish |  MACD bullish crossover (MACD crossed above signal line) |  MACD histogram expanding ? momentum accelerating | [MOMENTUM | w=25% | +0.008] |  No breakout ? price inside recent range |  Normal volume (0.1x average) |  Neutral momentum: 1d=0.1%, 5d=0.9%, 20d=0.0% | [MEAN_REVERSION | w=25% | +0.000] |  RSI neutral (57.1) ? no signal |  Price in upper half of BB (BB% = 0.76) | [AI_MODEL | w=20% | +0.065] |  Model auto-trained | Accuracy: 45.2% | AUC: 0.495 |  AI uncertain ? P(up)=53.3%, P(down)=46.7% |  Top features: returns_1d_lag3=0.060, returns_1d_lag1=0.059, vol_ratio_lag3=0.051 |  Model metrics ? Accuracy: 45.2%, AUC: 0.495"
2026-04-23T16:01:58.421863,XBTUSD,HOLD,0.1802,18.0,0.55,0.0084,0.0,0.0653,78455.5,76886.39,81593.72,"Composite score: +0.180 ? HOLD (confidence: 18.0%) | [TREND | w=30% | +0.550] |  EMA50 above EMA200 (2.23% gap) ? uptrend |  Price above EMA50 ? short-term bullish |  MACD bullish crossover (MACD crossed above signal line) |  MACD histogram expanding ? momentum accelerating | [MOMENTUM | w=25% | +0.008] |  No breakout ? price inside recent range |  Normal volume (0.1x average) |  Neutral momentum: 1d=0.1%, 5d=0.9%, 20d=0.0% | [MEAN_REVERSION | w=25% | +0.000] |  RSI neutral (57.1) ? no signal |  Price in upper half of BB (BB% = 0.76) | [AI_MODEL | w=20% | +0.065] |  Model auto-trained | Accuracy: 45.2% | AUC: 0.495 |  AI uncertain ? P(up)=53.3%, P(down)=46.7% |  Top features: returns_1d_lag3=0.060, returns_1d_lag1=0.059, vol_ratio_lag3=0.051 |  Model metrics ? Accuracy: 45.2%, AUC: 0.495"
2026-04-23T16:01:58.421863,XBTUSD,HOLD,0.1802,18.0,0.55,0.0084,0.0,0.0653,78455.5,76886.39,81593.72,"Composite score: +0.180 ? HOLD (confidence: 18.0%) | [TREND | w=30% | +0.550] |  EMA50 above EMA200 (2.23% gap) ? uptrend |  Price above EMA50 ? short-term bullish |  MACD bullish crossover (MACD crossed above signal line) |  MACD histogram expanding ? momentum accelerating | [MOMENTUM | w=25% | +0.008] |  No breakout ? price inside recent range |  Normal volume (0.1x average) |  Neutral momentum: 1d=0.1%, 5d=0.9%, 20d=0.0% | [MEAN_REVERSION | w=25% | +0.000] |  RSI neutral (57.1) ? no signal |  Price in upper half of BB (BB% = 0.76) | [AI_MODEL | w=20% | +0.065] |  Model auto-trained | Accuracy: 45.2% | AUC: 0.495 |  AI uncertain ? P(up)=53.3%, P(down)=46.7% |  Top features: returns_1d_lag3=0.060, returns_1d_lag1=0.059, vol_ratio_lag3=0.051 |  Model metrics ? Accuracy: 45.2%, AUC: 0.495"
2026-04-23T16:01:58.421863,XBTUSD,HOLD,0.1802,18.0,0.55,0.0084,0.0,0.0653,78455.5,76886.39,81593.72,"Composite score: +0.180 ? HOLD (confidence: 18.0%) | [TREND | w=30% | +0.550] |  EMA50 above EMA200 (2.23% gap) ? uptrend |  Price above EMA50 ? short-term bullish |  MACD bullish crossover (MACD crossed above signal line) |  MACD histogram expanding ? momentum accelerating | [MOMENTUM | w=25% | +0.008] |  No breakout ? price inside recent range |  Normal volume (0.1x average) |  Neutral momentum: 1d=0.1%, 5d=0.9%, 20d=0.0% | [MEAN_REVERSION | w=25% | +0.000] |  RSI neutral (57.1) ? no signal |  Price in upper half of BB (BB% = 0.76) | [AI_MODEL | w=20% | +0.065] |  Model auto-trained | Accuracy: 45.2% | AUC: 0.495 |  AI uncertain ? P(up)=53.3%, P(down)=46.7% |  Top features: returns_1d_lag3=0.060, returns_1d_lag1=0.059, vol_ratio_lag3=0.051 |  Model metrics ? Accuracy: 45.2%, AUC: 0.495"
2026-04-23T16:01:58.421863,XBTUSD,HOLD,0.1802,18.0,0.55,0.0084,0.0,0.0653,78455.5,76886.39,81593.72,"Composite score: +0.180 ? HOLD (confidence: 18.0%) | [TREND | w=30% | +0.550] |  EMA50 above EMA200 (2.23% gap) ? uptrend |  Price above EMA50 ? short-term bullish |  MACD bullish crossover (MACD crossed above signal line) |  MACD histogram expanding ? momentum accelerating | [MOMENTUM | w=25% | +0.008] |  No breakout ? price inside recent range |  Normal volume (0.1x average) |  Neutral momentum: 1d=0.1%, 5d=0.9%, 20d=0.0% | [MEAN_REVERSION | w=25% | +0.000] |  RSI neutral (57.1) ? no signal |  Price in upper half of BB (BB% = 0.76) | [AI_MODEL | w=20% | +0.065] |  Model auto-trained | Accuracy: 45.2% | AUC: 0.495 |  AI uncertain ? P(up)=53.3%, P(down)=46.7% |  Top features: returns_1d_lag3=0.060, returns_1d_lag1=0.059, vol_ratio_lag3=0.051 |  Model metrics ? Accuracy: 45.2%, AUC: 0.495"
2026-04-23T16:04:03.511198,TSLA,HOLD,-0.087,8.7,-0.35,0.0477,0.0,0.0304,105.9298,103.8112,110.167,"Composite score: -0.087 ? HOLD (confidence: 8.7%) | [TREND | w=30% | -0.350] |  EMA50 below EMA200 (0.27% gap) ? downtrend |  Price above EMA50 ? short-term bullish |  MACD below signal line ? bearish momentum |  MACD histogram expanding ? momentum accelerating | [MOMENTUM | w=25% | +0.048] |  No breakout ? price inside recent range |  Normal volume (0.7x average) |  Neutral momentum: 1d=0.1%, 5d=1.1%, 20d=3.4% | [MEAN_REVERSION | w=25% | +0.000] |  RSI neutral (56.5) ? no signal |  Price in upper half of BB (BB% = 0.62) | [AI_MODEL | w=20% | +0.030] |  AI uncertain ? P(up)=51.5%, P(down)=48.5% |  Top features: returns_1d_lag3=0.060, returns_1d_lag1=0.059, vol_ratio_lag3=0.051 |  Model metrics ? Accuracy: 45.2%, AUC: 0.495"
2026-04-23T16:04:07.890180,TSLA,HOLD,0.1073,10.7,0.15,-0.0487,0.21,0.1099,380.095,372.4931,395.2988,"Composite score: +0.107 ? HOLD (confidence: 10.7%) | [TREND | w=30% | +0.150] |  EMA50 above EMA200 (1.00% gap) ? uptrend |  Price below EMA50 ? short-term bearish |  MACD below signal line ? bearish momentum |  MACD histogram expanding ? momentum accelerating | [MOMENTUM | w=25% | -0.049] |  No breakout ? price inside recent range |  Normal volume (0.7x average) |  Neutral momentum: 1d=0.7%, 5d=-2.1%, 20d=-3.0% | [MEAN_REVERSION | w=25% | +0.210] |  RSI neutral (43.2) ? no signal |  Price near lower Bollinger Band (BB% = 0.18) | [AI_MODEL | w=20% | +0.110] |  AI uncertain ? P(up)=55.5%, P(down)=44.5% |  Top features: returns_1d_lag3=0.060, returns_1d_lag1=0.059, vol_ratio_lag3=0.051 |  Model metrics ? Accuracy: 45.2%, AUC: 0.495"
2026-04-23T16:04:07.890180,TSLA,HOLD,0.1073,10.7,0.15,-0.0487,0.21,0.1099,380.095,372.4931,395.2988,"Composite score: +0.107 ? HOLD (confidence: 10.7%) | [TREND | w=30% | +0.150] |  EMA50 above EMA200 (1.00% gap) ? uptrend |  Price below EMA50 ? short-term bearish |  MACD below signal line ? bearish momentum |  MACD histogram expanding ? momentum accelerating | [MOMENTUM | w=25% | -0.049] |  No breakout ? price inside recent range |  Normal volume (0.7x average) |  Neutral momentum: 1d=0.7%, 5d=-2.1%, 20d=-3.0% | [MEAN_REVERSION | w=25% | +0.210] |  RSI neutral (43.2) ? no signal |  Price near lower Bollinger Band (BB% = 0.18) | [AI_MODEL | w=20% | +0.110] |  AI uncertain ? P(up)=55.5%, P(down)=44.5% |  Top features: returns_1d_lag3=0.060, returns_1d_lag1=0.059, vol_ratio_lag3=0.051 |  Model metrics ? Accuracy: 45.2%, AUC: 0.495"
2026-04-23T16:09:42.735950,TSLA,HOLD,0.1474,14.7,0.15,-0.0658,0.3475,0.1599,377.3,369.754,392.392,"Composite score: +0.147 ? HOLD (confidence: 14.7%) | [TREND | w=30% | +0.150] |  EMA50 above EMA200 (0.98% gap) ? uptrend |  Price below EMA50 ? short-term bearish |  MACD below signal line ? bearish momentum |  MACD histogram expanding ? momentum accelerating | [MOMENTUM | w=25% | -0.066] |  No breakout ? price inside recent range |  Normal volume (0.8x average) |  Strong negative momentum: 1d=-0.0%, 5d=-2.9%, 20d=-3.7% | [MEAN_REVERSION | w=25% | +0.348] |  RSI in recovery zone (39.9) ? mild bullish lean |  Price near lower Bollinger Band (BB% = 0.08) | [AI_MODEL | w=20% | +0.160] |  AI uncertain ? P(up)=58.0%, P(down)=42.0% |  Top features: returns_1d_lag3=0.060, returns_1d_lag1=0.059, vol_ratio_lag3=0.051 |  Model metrics ? Accuracy: 45.2%, AUC: 0.495"
2026-04-23T16:11:49.829180,TSLA,HOLD,0.1045,10.5,0.15,-0.0598,0.21,0.1099,378.295,370.7291,393.4268,"Composite score: +0.105 ? HOLD (confidence: 10.5%) | [TREND | w=30% | +0.150] |  EMA50 above EMA200 (0.99% gap) ? uptrend |  Price below EMA50 ? short-term bearish |  MACD below signal line ? bearish momentum |  MACD histogram expanding ? momentum accelerating | [MOMENTUM | w=25% | -0.060] |  No breakout ? price inside recent range |  Normal volume (0.9x average) |  Strong negative momentum: 1d=0.2%, 5d=-2.6%, 20d=-3.5% | [MEAN_REVERSION | w=25% | +0.210] |  RSI neutral (41.1) ? no signal |  Price near lower Bollinger Band (BB% = 0.11) | [AI_MODEL | w=20% | +0.110] |  AI uncertain ? P(up)=55.5%, P(down)=44.5% |  Top features: returns_1d_lag3=0.060, returns_1d_lag1=0.059, vol_ratio_lag3=0.051 |  Model metrics ? Accuracy: 45.2%, AUC: 0.495"
2026-04-23T16:14:46.573637,TSLA,HOLD,0.1053,10.5,0.15,-0.0568,0.21,0.1099,378.79,371.2142,393.9416,"Composite score: +0.105 ? HOLD (confidence: 10.5%) | [TREND | w=30% | +0.150] |  EMA50 above EMA200 (0.99% gap) ? uptrend |  Price below EMA50 ? short-term bearish |  MACD below signal line ? bearish momentum |  MACD histogram expanding ? momentum accelerating | [MOMENTUM | w=25% | -0.057] |  No breakout ? price inside recent range |  Normal volume (1.0x average) |  Strong negative momentum: 1d=0.3%, 5d=-2.5%, 20d=-3.4% | [MEAN_REVERSION | w=25% | +0.210] |  RSI neutral (41.7) ? no signal |  Price near lower Bollinger Band (BB% = 0.13) | [AI_MODEL | w=20% | +0.110] |  AI uncertain ? P(up)=55.5%, P(down)=44.5% |  Top features: returns_1d_lag3=0.060, returns_1d_lag1=0.059, vol_ratio_lag3=0.051 |  Model metrics ? Accuracy: 45.2%, AUC: 0.495"
2026-04-23T16:22:35.300830,TSLA,HOLD,0.1047,10.5,0.15,-0.0593,0.21,0.1099,378.38,370.8124,393.5152,"Composite score: +0.105 ? HOLD (confidence: 10.5%) | [TREND | w=30% | +0.150] |  EMA50 above EMA200 (0.99% gap) ? uptrend |  Price below EMA50 ? short-term bearish |  MACD below signal line ? bearish momentum |  MACD histogram expanding ? momentum accelerating | [MOMENTUM | w=25% | -0.059] |  No breakout ? price inside recent range |  Normal volume (1.1x average) |  Strong negative momentum: 1d=0.2%, 5d=-2.6%, 20d=-3.5% | [MEAN_REVERSION | w=25% | +0.210] |  RSI neutral (41.2) ? no signal |  Price near lower Bollinger Band (BB% = 0.12) | [AI_MODEL | w=20% | +0.110] |  AI uncertain ? P(up)=55.5%, P(down)=44.5% |  Top features: returns_1d_lag3=0.060, returns_1d_lag1=0.059, vol_ratio_lag3=0.051 |  Model metrics ? Accuracy: 45.2%, AUC: 0.495"
2026-04-23T16:23:06.810084,TSLA,HOLD,0.1042,10.4,0.15,-0.061,0.21,0.1099,378.09,370.5282,393.2136,"Composite score: +0.104 ? HOLD (confidence: 10.4%) | [TREND | w=30% | +0.150] |  EMA50 above EMA200 (0.99% gap) ? uptrend |  Price below EMA50 ? short-term bearish |  MACD below signal line ? bearish momentum |  MACD histogram expanding ? momentum accelerating | [MOMENTUM | w=25% | -0.061] |  No breakout ? price inside recent range |  Normal volume (1.1x average) |  Strong negative momentum: 1d=0.2%, 5d=-2.7%, 20d=-3.5% | [MEAN_REVERSION | w=25% | +0.210] |  RSI neutral (40.8) ? no signal |  Price near lower Bollinger Band (BB% = 0.11) | [AI_MODEL | w=20% | +0.110] |  AI uncertain ? P(up)=55.5%, P(down)=44.5% |  Top features: returns_1d_lag3=0.060, returns_1d_lag1=0.059, vol_ratio_lag3=0.051 |  Model metrics ? Accuracy: 45.2%, AUC: 0.495"
2026-04-25T07:55:51.834487,XBTUSD,BUY,0.2112,21.1,0.55,-0.0111,0.0,0.2446,77559.8,76008.604,80662.192,"Composite score: +0.211 ? BUY (confidence: 21.1%) | [TREND | w=30% | +0.550] |  EMA50 above EMA200 (1.52% gap) ? uptrend |  Price below EMA50 ? short-term bearish |  MACD bullish crossover (MACD crossed above signal line) |  MACD histogram expanding ? momentum accelerating | [MOMENTUM | w=25% | -0.011] |  No breakout ? price inside recent range |  Normal volume (0.1x average) |  Neutral momentum: 1d=0.0%, 5d=-0.1%, 20d=-0.9% | [MEAN_REVERSION | w=25% | +0.000] |  RSI neutral (44.6) ? no signal |  Price in lower half of BB (BB% = 0.35) | [AI_MODEL | w=20% | +0.245] |  Model auto-trained | Accuracy: 45.8% | AUC: 0.492 |  AI predicts UP with 62.2% probability (confidence: 62%) |  Top features: returns_1d=0.066, vol_ratio_lag3=0.059, price_vs_ema_slow_lag1=0.049 |  Model metrics ? Accuracy: 45.8%, AUC: 0.492"
2026-04-25T07:55:51.834487,XBTUSD,BUY,0.2112,21.1,0.55,-0.0111,0.0,0.2446,77559.8,76008.604,80662.192,"Composite score: +0.211 ? BUY (confidence: 21.1%) | [TREND | w=30% | +0.550] |  EMA50 above EMA200 (1.52% gap) ? uptrend |  Price below EMA50 ? short-term bearish |  MACD bullish crossover (MACD crossed above signal line) |  MACD histogram expanding ? momentum accelerating | [MOMENTUM | w=25% | -0.011] |  No breakout ? price inside recent range |  Normal volume (0.1x average) |  Neutral momentum: 1d=0.0%, 5d=-0.1%, 20d=-0.9% | [MEAN_REVERSION | w=25% | +0.000] |  RSI neutral (44.6) ? no signal |  Price in lower half of BB (BB% = 0.35) | [AI_MODEL | w=20% | +0.245] |  Model auto-trained | Accuracy: 45.8% | AUC: 0.492 |  AI predicts UP with 62.2% probability (confidence: 62%) |  Top features: returns_1d=0.066, vol_ratio_lag3=0.059, price_vs_ema_slow_lag1=0.049 |  Model metrics ? Accuracy: 45.8%, AUC: 0.492"
2026-04-25T07:57:36.465832,XBTUSD,HOLD,-0.0892,8.9,-0.35,0.0338,0.0,0.0369,105.8531,103.736,110.0872,"Composite score: -0.089 ? HOLD (confidence: 8.9%) | [TREND | w=30% | -0.350] |  EMA50 below EMA200 (0.37% gap) ? downtrend |  Price above EMA50 ? short-term bullish |  MACD below signal line ? bearish momentum |  MACD histogram expanding ? momentum accelerating | [MOMENTUM | w=25% | +0.034] |  No breakout ? price inside recent range |  Normal volume (0.4x average) |  Neutral momentum: 1d=1.1%, 5d=-0.9%, 20d=3.3% | [MEAN_REVERSION | w=25% | +0.000] |  RSI neutral (56.3) ? no signal |  Price in upper half of BB (BB% = 0.63) | [AI_MODEL | w=20% | +0.037] |  AI uncertain ? P(up)=51.8%, P(down)=48.2% |  Top features: returns_1d=0.066, vol_ratio_lag3=0.059, price_vs_ema_slow_lag1=0.049 |  Model metrics ? Accuracy: 45.8%, AUC: 0.492"
2026-04-25T07:57:36.465832,XBTUSD,HOLD,-0.0892,8.9,-0.35,0.0338,0.0,0.0369,105.8531,103.736,110.0872,"Composite score: -0.089 ? HOLD (confidence: 8.9%) | [TREND | w=30% | -0.350] |  EMA50 below EMA200 (0.37% gap) ? downtrend |  Price above EMA50 ? short-term bullish |  MACD below signal line ? bearish momentum |  MACD histogram expanding ? momentum accelerating | [MOMENTUM | w=25% | +0.034] |  No breakout ? price inside recent range |  Normal volume (0.4x average) |  Neutral momentum: 1d=1.1%, 5d=-0.9%, 20d=3.3% | [MEAN_REVERSION | w=25% | +0.000] |  RSI neutral (56.3) ? no signal |  Price in upper half of BB (BB% = 0.63) | [AI_MODEL | w=20% | +0.037] |  AI uncertain ? P(up)=51.8%, P(down)=48.2% |  Top features: returns_1d=0.066, vol_ratio_lag3=0.059, price_vs_ema_slow_lag1=0.049 |  Model metrics ? Accuracy: 45.8%, AUC: 0.492"
2026-04-25T07:58:09.012209,XBTUSD,HOLD,-0.0892,8.9,-0.35,0.0338,0.0,0.0369,105.8531,103.736,110.0872,"Composite score: -0.089 ? HOLD (confidence: 8.9%) | [TREND | w=30% | -0.350] |  EMA50 below EMA200 (0.37% gap) ? downtrend |  Price above EMA50 ? short-term bullish |  MACD below signal line ? bearish momentum |  MACD histogram expanding ? momentum accelerating | [MOMENTUM | w=25% | +0.034] |  No breakout ? price inside recent range |  Normal volume (0.4x average) |  Neutral momentum: 1d=1.1%, 5d=-0.9%, 20d=3.3% | [MEAN_REVERSION | w=25% | +0.000] |  RSI neutral (56.3) ? no signal |  Price in upper half of BB (BB% = 0.63) | [AI_MODEL | w=20% | +0.037] |  AI uncertain ? P(up)=51.8%, P(down)=48.2% |  Top features: returns_1d=0.066, vol_ratio_lag3=0.059, price_vs_ema_slow_lag1=0.049 |  Model metrics ? Accuracy: 45.8%, AUC: 0.492"
2026-04-25T07:58:19.349720,BTCUSD,HOLD,-0.0892,8.9,-0.35,0.0338,0.0,0.0369,105.8531,103.736,110.0872,"Composite score: -0.089 ? HOLD (confidence: 8.9%) | [TREND | w=30% | -0.350] |  EMA50 below EMA200 (0.37% gap) ? downtrend |  Price above EMA50 ? short-term bullish |  MACD below signal line ? bearish momentum |  MACD histogram expanding ? momentum accelerating | [MOMENTUM | w=25% | +0.034] |  No breakout ? price inside recent range |  Normal volume (0.4x average) |  Neutral momentum: 1d=1.1%, 5d=-0.9%, 20d=3.3% | [MEAN_REVERSION | w=25% | +0.000] |  RSI neutral (56.3) ? no signal |  Price in upper half of BB (BB% = 0.63) | [AI_MODEL | w=20% | +0.037] |  AI uncertain ? P(up)=51.8%, P(down)=48.2% |  Top features: returns_1d=0.066, vol_ratio_lag3=0.059, price_vs_ema_slow_lag1=0.049 |  Model metrics ? Accuracy: 45.8%, AUC: 0.492"
2026-04-25T07:58:19.349720,BTCUSD,HOLD,-0.0892,8.9,-0.35,0.0338,0.0,0.0369,105.8531,103.736,110.0872,"Composite score: -0.089 ? HOLD (confidence: 8.9%) | [TREND | w=30% | -0.350] |  EMA50 below EMA200 (0.37% gap) ? downtrend |  Price above EMA50 ? short-term bullish |  MACD below signal line ? bearish momentum |  MACD histogram expanding ? momentum accelerating | [MOMENTUM | w=25% | +0.034] |  No breakout ? price inside recent range |  Normal volume (0.4x average) |  Neutral momentum: 1d=1.1%, 5d=-0.9%, 20d=3.3% | [MEAN_REVERSION | w=25% | +0.000] |  RSI neutral (56.3) ? no signal |  Price in upper half of BB (BB% = 0.63) | [AI_MODEL | w=20% | +0.037] |  AI uncertain ? P(up)=51.8%, P(down)=48.2% |  Top features: returns_1d=0.066, vol_ratio_lag3=0.059, price_vs_ema_slow_lag1=0.049 |  Model metrics ? Accuracy: 45.8%, AUC: 0.492"
2026-04-25T07:59:08.200207,BTCUSD,BUY,0.2177,21.8,0.55,-0.0106,0.0,0.2769,77574.8,76023.304,80677.792,"Composite score: +0.218 ? BUY (confidence: 21.8%) | [TREND | w=30% | +0.550] |  EMA50 above EMA200 (1.52% gap) ? uptrend |  Price below EMA50 ? short-term bearish |  MACD bullish crossover (MACD crossed above signal line) |  MACD histogram expanding ? momentum accelerating | [MOMENTUM | w=25% | -0.011] |  No breakout ? price inside recent range |  Normal volume (0.1x average) |  Neutral momentum: 1d=0.0%, 5d=-0.1%, 20d=-0.9% | [MEAN_REVERSION | w=25% | +0.000] |  RSI neutral (45.1) ? no signal |  Price in lower half of BB (BB% = 0.36) | [AI_MODEL | w=20% | +0.277] |  AI predicts UP with 63.8% probability (confidence: 64%) |  Top features: returns_1d=0.066, vol_ratio_lag3=0.059, price_vs_ema_slow_lag1=0.049 |  Model metrics ? Accuracy: 45.8%, AUC: 0.492"
2026-04-25T07:59:08.200207,BTCUSD,BUY,0.2177,21.8,0.55,-0.0106,0.0,0.2769,77574.8,76023.304,80677.792,"Composite score: +0.218 ? BUY (confidence: 21.8%) | [TREND | w=30% | +0.550] |  EMA50 above EMA200 (1.52% gap) ? uptrend |  Price below EMA50 ? short-term bearish |  MACD bullish crossover (MACD crossed above signal line) |  MACD histogram expanding ? momentum accelerating | [MOMENTUM | w=25% | -0.011] |  No breakout ? price inside recent range |  Normal volume (0.1x average) |  Neutral momentum: 1d=0.0%, 5d=-0.1%, 20d=-0.9% | [MEAN_REVERSION | w=25% | +0.000] |  RSI neutral (45.1) ? no signal |  Price in lower half of BB (BB% = 0.36) | [AI_MODEL | w=20% | +0.277] |  AI predicts UP with 63.8% probability (confidence: 64%) |  Top features: returns_1d=0.066, vol_ratio_lag3=0.059, price_vs_ema_slow_lag1=0.049 |  Model metrics ? Accuracy: 45.8%, AUC: 0.492"
2026-04-25T07:59:30.358205,BTCUSD,HOLD,-0.0122,1.2,-0.05,-0.0001,0.0,0.0141,77568.0,76016.64,80670.72,"Composite score: -0.012 ? HOLD (confidence: 1.2%) | [TREND | w=30% | -0.050] |  EMA50 below EMA200 (0.09% gap) ? downtrend |  Price above EMA50 ? short-term bullish |  MACD above signal line ? bullish momentum |  MACD histogram expanding ? momentum accelerating | [MOMENTUM | w=25% | -0.000] |  No breakout ? price inside recent range |  Normal volume (1.0x average) |  Neutral momentum: 1d=0.0%, 5d=-0.0%, 20d=-0.0% | [MEAN_REVERSION | w=25% | +0.000] |  RSI neutral (52.5) ? no signal |  Price in upper half of BB (BB% = 0.70) | [AI_MODEL | w=20% | +0.014] |  AI uncertain ? P(up)=50.7%, P(down)=49.3% |  Top features: returns_1d=0.066, vol_ratio_lag3=0.059, price_vs_ema_slow_lag1=0.049 |  Model metrics ? Accuracy: 45.8%, AUC: 0.492"
2026-04-25T07:59:30.358205,BTCUSD,HOLD,-0.0122,1.2,-0.05,-0.0001,0.0,0.0141,77568.0,76016.64,80670.72,"Composite score: -0.012 ? HOLD (confidence: 1.2%) | [TREND | w=30% | -0.050] |  EMA50 below EMA200 (0.09% gap) ? downtrend |  Price above EMA50 ? short-term bullish |  MACD above signal line ? bullish momentum |  MACD histogram expanding ? momentum accelerating | [MOMENTUM | w=25% | -0.000] |  No breakout ? price inside recent range |  Normal volume (1.0x average) |  Neutral momentum: 1d=0.0%, 5d=-0.0%, 20d=-0.0% | [MEAN_REVERSION | w=25% | +0.000] |  RSI neutral (52.5) ? no signal |  Price in upper half of BB (BB% = 0.70) | [AI_MODEL | w=20% | +0.014] |  AI uncertain ? P(up)=50.7%, P(down)=49.3% |  Top features: returns_1d=0.066, vol_ratio_lag3=0.059, price_vs_ema_slow_lag1=0.049 |  Model metrics ? Accuracy: 45.8%, AUC: 0.492"
2026-04-25T08:08:41.311214,BTCUSD,HOLD,-0.0119,1.2,-0.05,0.0012,0.0,0.0141,77578.8,76027.224,80681.952,"Composite score: -0.012 ? HOLD (confidence: 1.2%) | [TREND | w=30% | -0.050] |  EMA50 below EMA200 (0.09% gap) ? downtrend |  Price above EMA50 ? short-term bullish |  MACD above signal line ? bullish momentum |  MACD histogram expanding ? momentum accelerating | [MOMENTUM | w=25% | +0.001] |  No breakout ? price inside recent range |  Normal volume (0.5x average) |  Neutral momentum: 1d=0.0%, 5d=0.0%, 20d=0.1% | [MEAN_REVERSION | w=25% | +0.000] |  RSI neutral (54.4) ? no signal |  Price in upper half of BB (BB% = 0.78) | [AI_MODEL | w=20% | +0.014] |  AI uncertain ? P(up)=50.7%, P(down)=49.3% |  Top features: returns_1d=0.066, vol_ratio_lag3=0.059, price_vs_ema_slow_lag1=0.049 |  Model metrics ? Accuracy: 45.8%, AUC: 0.492"
2026-04-25T09:23:50.320426,XBTUSD,HOLD,0.1374,13.7,0.45,-0.0076,0.0,0.0216,77621.8,76069.364,80726.672,"Composite score: +0.137 ? HOLD (confidence: 13.7%) [mode: multi] | [TREND | w=30% | +0.450] |  EMA50 above EMA200 (1.49% gap) ? uptrend |  Price below EMA50 ? short-term bearish |  MACD above signal line ? bullish momentum |  MACD histogram expanding ? momentum accelerating | [MOMENTUM | w=25% | -0.008] |  No breakout ? price inside recent range |  Normal volume (0.0x average) |  Neutral momentum: 1d=-0.0%, 5d=-0.0%, 20d=-0.6% | [MEAN_REVERSION | w=25% | +0.000] |  RSI neutral (47.1) ? no signal |  Price in lower half of BB (BB% = 0.46) | [AI_MODEL | w=20% | +0.022] |  Model auto-trained | Accuracy: 46.4% | AUC: 0.527 |  AI uncertain ? P(up)=51.1%, P(down)=48.9% |  Top features: returns_1d=0.064, vol_ratio_lag3=0.053, returns_1d_lag3=0.047 |  Model metrics ? Accuracy: 46.4%, AUC: 0.527"
2026-04-25T09:23:50.320426,XBTUSD,HOLD,0.1374,13.7,0.45,-0.0076,0.0,0.0216,77621.8,76069.364,80726.672,"Composite score: +0.137 ? HOLD (confidence: 13.7%) [mode: multi] | [TREND | w=30% | +0.450] |  EMA50 above EMA200 (1.49% gap) ? uptrend |  Price below EMA50 ? short-term bearish |  MACD above signal line ? bullish momentum |  MACD histogram expanding ? momentum accelerating | [MOMENTUM | w=25% | -0.008] |  No breakout ? price inside recent range |  Normal volume (0.0x average) |  Neutral momentum: 1d=-0.0%, 5d=-0.0%, 20d=-0.6% | [MEAN_REVERSION | w=25% | +0.000] |  RSI neutral (47.1) ? no signal |  Price in lower half of BB (BB% = 0.46) | [AI_MODEL | w=20% | +0.022] |  Model auto-trained | Accuracy: 46.4% | AUC: 0.527 |  AI uncertain ? P(up)=51.1%, P(down)=48.9% |  Top features: returns_1d=0.064, vol_ratio_lag3=0.053, returns_1d_lag3=0.047 |  Model metrics ? Accuracy: 46.4%, AUC: 0.527"
2026-04-25T09:23:50.320426,XBTUSD,HOLD,0.1374,13.7,0.45,-0.0076,0.0,0.0216,77621.8,76069.364,80726.672,"Composite score: +0.137 ? HOLD (confidence: 13.7%) [mode: multi] | [TREND | w=30% | +0.450] |  EMA50 above EMA200 (1.49% gap) ? uptrend |  Price below EMA50 ? short-term bearish |  MACD above signal line ? bullish momentum |  MACD histogram expanding ? momentum accelerating | [MOMENTUM | w=25% | -0.008] |  No breakout ? price inside recent range |  Normal volume (0.0x average) |  Neutral momentum: 1d=-0.0%, 5d=-0.0%, 20d=-0.6% | [MEAN_REVERSION | w=25% | +0.000] |  RSI neutral (47.1) ? no signal |  Price in lower half of BB (BB% = 0.46) | [AI_MODEL | w=20% | +0.022] |  Model auto-trained | Accuracy: 46.4% | AUC: 0.527 |  AI uncertain ? P(up)=51.1%, P(down)=48.9% |  Top features: returns_1d=0.064, vol_ratio_lag3=0.053, returns_1d_lag3=0.047 |  Model metrics ? Accuracy: 46.4%, AUC: 0.527"
2026-04-25T09:23:50.320426,XBTUSD,HOLD,0.1374,13.7,0.45,-0.0076,0.0,0.0216,77621.8,76069.364,80726.672,"Composite score: +0.137 ? HOLD (confidence: 13.7%) [mode: multi] | [TREND | w=30% | +0.450] |  EMA50 above EMA200 (1.49% gap) ? uptrend |  Price below EMA50 ? short-term bearish |  MACD above signal line ? bullish momentum |  MACD histogram expanding ? momentum accelerating | [MOMENTUM | w=25% | -0.008] |  No breakout ? price inside recent range |  Normal volume (0.0x average) |  Neutral momentum: 1d=-0.0%, 5d=-0.0%, 20d=-0.6% | [MEAN_REVERSION | w=25% | +0.000] |  RSI neutral (47.1) ? no signal |  Price in lower half of BB (BB% = 0.46) | [AI_MODEL | w=20% | +0.022] |  Model auto-trained | Accuracy: 46.4% | AUC: 0.527 |  AI uncertain ? P(up)=51.1%, P(down)=48.9% |  Top features: returns_1d=0.064, vol_ratio_lag3=0.053, returns_1d_lag3=0.047 |  Model metrics ? Accuracy: 46.4%, AUC: 0.527"
2026-04-25T09:23:50.320426,XBTUSD,HOLD,0.1374,13.7,0.45,-0.0076,0.0,0.0216,77621.8,76069.364,80726.672,"Composite score: +0.137 ? HOLD (confidence: 13.7%) [mode: multi] | [TREND | w=30% | +0.450] |  EMA50 above EMA200 (1.49% gap) ? uptrend |  Price below EMA50 ? short-term bearish |  MACD above signal line ? bullish momentum |  MACD histogram expanding ? momentum accelerating | [MOMENTUM | w=25% | -0.008] |  No breakout ? price inside recent range |  Normal volume (0.0x average) |  Neutral momentum: 1d=-0.0%, 5d=-0.0%, 20d=-0.6% | [MEAN_REVERSION | w=25% | +0.000] |  RSI neutral (47.1) ? no signal |  Price in lower half of BB (BB% = 0.46) | [AI_MODEL | w=20% | +0.022] |  Model auto-trained | Accuracy: 46.4% | AUC: 0.527 |  AI uncertain ? P(up)=51.1%, P(down)=48.9% |  Top features: returns_1d=0.064, vol_ratio_lag3=0.053, returns_1d_lag3=0.047 |  Model metrics ? Accuracy: 46.4%, AUC: 0.527"
2026-04-25T09:28:45.362073,XBTUSD,HOLD,0.1374,13.7,0.45,-0.0076,0.0,0.0216,77621.2,76068.776,80726.048,"Composite score: +0.137 ? HOLD (confidence: 13.7%) [mode: multi] | [TREND | w=30% | +0.450] |  EMA50 above EMA200 (1.49% gap) ? uptrend |  Price below EMA50 ? short-term bearish |  MACD above signal line ? bullish momentum |  MACD histogram expanding ? momentum accelerating | [MOMENTUM | w=25% | -0.008] |  No breakout ? price inside recent range |  Normal volume (0.0x average) |  Neutral momentum: 1d=-0.0%, 5d=-0.0%, 20d=-0.6% | [MEAN_REVERSION | w=25% | +0.000] |  RSI neutral (47.1) ? no signal |  Price in lower half of BB (BB% = 0.46) | [AI_MODEL | w=20% | +0.022] |  AI uncertain ? P(up)=51.1%, P(down)=48.9% |  Top features: returns_1d=0.064, vol_ratio_lag3=0.053, returns_1d_lag3=0.047 |  Model metrics ? Accuracy: 46.4%, AUC: 0.527"
2026-04-25T09:36:57.542294,XBTUSD,HOLD,-0.1304,13.0,-0.45,0.0011,0.0,0.0216,77621.1,76068.678,80725.944,"Composite score: -0.130 ? HOLD (confidence: 13.0%) [mode: multi] | [TREND | w=30% | -0.450] |  EMA50 below EMA200 (0.04% gap) ? downtrend |  Price above EMA50 ? short-term bullish |  MACD below signal line ? bearish momentum |  MACD histogram contracting ? momentum fading | [MOMENTUM | w=25% | +0.001] |  No breakout ? price inside recent range |  Normal volume (0.0x average) |  Neutral momentum: 1d=-0.0%, 5d=-0.0%, 20d=0.1% | [MEAN_REVERSION | w=25% | +0.000] |  RSI neutral (53.5) ? no signal |  Price in lower half of BB (BB% = 0.50) | [AI_MODEL | w=20% | +0.022] |  AI uncertain ? P(up)=51.1%, P(down)=48.9% |  Top features: returns_1d=0.064, vol_ratio_lag3=0.053, returns_1d_lag3=0.047 |  Model metrics ? Accuracy: 46.4%, AUC: 0.527"
2026-04-25T09:38:35.292065,XBTUSD,HOLD,0.0,0.0,0,0,0,0,77633.9,76081.222,80739.256,"Composite score: +0.000 ? HOLD (confidence: 0.0%) [mode: markov] | [MARKOV_CHAINS | w=100% | -0.000] | State 5/7 (BULLISH return +0.016%) | j*=1 (lower-half bearish) | p?=0.1964  q=0.7919  gap=-0.5955 < ?=0.05  | Persist p(1,1)=0.1552 < ?=0.87  | Entry blocked: gap -0.5955 < ? 0.05 | persist 0.1552 < ? 0.87 | Matrix: 8?8 states ? diag mean=0.1291 ? lookback=200 bars"
2026-04-25T09:41:52.810562,XBTUSD,HOLD,-0.137,13.7,-0.05,0.0035,-0.4875,-0.0051,77734.1,76179.418,80843.464,"Composite score: -0.137 ? HOLD (confidence: 13.7%) [mode: multi] | [TREND | w=30% | -0.050] |  EMA50 below EMA200 (0.03% gap) ? downtrend |  Price above EMA50 ? short-term bullish |  MACD above signal line ? bullish momentum |  MACD histogram expanding ? momentum accelerating | [MOMENTUM | w=25% | +0.004] |  No breakout ? price inside recent range |  Normal volume (0.1x average) |  Neutral momentum: 1d=-0.0%, 5d=0.1%, 20d=0.2% | [MEAN_REVERSION | w=25% | -0.487] |  RSI in extended zone (68.6) ? mild bearish lean |  Price 0.0% ABOVE upper Bollinger Band ? overbought | [AI_MODEL | w=20% | -0.005] |  AI uncertain ? P(up)=49.7%, P(down)=50.3% |  Top features: returns_1d=0.064, vol_ratio_lag3=0.053, returns_1d_lag3=0.047 |  Model metrics ? Accuracy: 46.4%, AUC: 0.527"
2026-04-25T09:41:52.810562,XBTUSD,HOLD,-0.137,13.7,-0.05,0.0035,-0.4875,-0.0051,77734.1,76179.418,80843.464,"Composite score: -0.137 ? HOLD (confidence: 13.7%) [mode: multi] | [TREND | w=30% | -0.050] |  EMA50 below EMA200 (0.03% gap) ? downtrend |  Price above EMA50 ? short-term bullish |  MACD above signal line ? bullish momentum |  MACD histogram expanding ? momentum accelerating | [MOMENTUM | w=25% | +0.004] |  No breakout ? price inside recent range |  Normal volume (0.1x average) |  Neutral momentum: 1d=-0.0%, 5d=0.1%, 20d=0.2% | [MEAN_REVERSION | w=25% | -0.487] |  RSI in extended zone (68.6) ? mild bearish lean |  Price 0.0% ABOVE upper Bollinger Band ? overbought | [AI_MODEL | w=20% | -0.005] |  AI uncertain ? P(up)=49.7%, P(down)=50.3% |  Top features: returns_1d=0.064, vol_ratio_lag3=0.053, returns_1d_lag3=0.047 |  Model metrics ? Accuracy: 46.4%, AUC: 0.527"
2026-04-25T09:42:07.943771,XBTUSD,HOLD,0.0,0.0,0,0,0,0,77734.2,76179.516,80843.568,"Composite score: +0.000 ? HOLD (confidence: 0.0%) [mode: markov] | [MARKOV_CHAINS | w=100% | -0.000] | State 1/7 (BEARISH return -0.027%) | j*=2 (lower-half bearish) | p?=0.1964  q=0.9254  gap=-0.7289 < ?=0.05  | Persist p(2,2)=0.0862 < ?=0.87  | Entry blocked: gap -0.7289 < ? 0.05 | persist 0.0862 < ? 0.87 | Matrix: 8?8 states ? diag mean=0.1206 ? lookback=200 bars"
2026-04-25T09:42:07.943771,XBTUSD,HOLD,0.0,0.0,0,0,0,0,77734.2,76179.516,80843.568,"Composite score: +0.000 ? HOLD (confidence: 0.0%) [mode: markov] | [MARKOV_CHAINS | w=100% | -0.000] | State 1/7 (BEARISH return -0.027%) | j*=2 (lower-half bearish) | p?=0.1964  q=0.9254  gap=-0.7289 < ?=0.05  | Persist p(2,2)=0.0862 < ?=0.87  | Entry blocked: gap -0.7289 < ? 0.05 | persist 0.0862 < ? 0.87 | Matrix: 8?8 states ? diag mean=0.1206 ? lookback=200 bars"
2026-04-25T09:42:45.846454,XBTUSD,HOLD,0.0,0.0,0,0,0,0,77734.2,76179.516,80843.568,"Composite score: +0.000 ? HOLD (confidence: 0.0%) [mode: markov] | [MARKOV_CHAINS | w=100% | -0.000] | State 1/7 (BEARISH return -0.027%) | j*=2 (lower-half bearish) | p?=0.1964  q=0.9254  gap=-0.7289 < ?=0.05  | Persist p(2,2)=0.0862 < ?=0.87  | Entry blocked: gap -0.7289 < ? 0.05 | persist 0.0862 < ? 0.87 | Matrix: 8?8 states ? diag mean=0.1206 ? lookback=200 bars"
2026-04-25T09:42:45.846454,XBTUSD,HOLD,0.0,0.0,0,0,0,0,77734.2,76179.516,80843.568,"Composite score: +0.000 ? HOLD (confidence: 0.0%) [mode: markov] | [MARKOV_CHAINS | w=100% | -0.000] | State 1/7 (BEARISH return -0.027%) | j*=2 (lower-half bearish) | p?=0.1964  q=0.9254  gap=-0.7289 < ?=0.05  | Persist p(2,2)=0.0862 < ?=0.87  | Entry blocked: gap -0.7289 < ? 0.05 | persist 0.0862 < ? 0.87 | Matrix: 8?8 states ? diag mean=0.1206 ? lookback=200 bars"
2026-04-25T09:43:20.983590,XBTUSD,HOLD,0.0,0.0,0,0,0,0,77734.1,76179.418,80843.464,"Composite score: +0.000 ? HOLD (confidence: 0.0%) [mode: markov] | [MARKOV_CHAINS | w=100% | -0.000] | State 1/7 (BEARISH return -0.027%) | j*=2 (lower-half bearish) | p?=0.1964  q=0.9250  gap=-0.7286 < ?=0.05  | Persist p(2,2)=0.0862 < ?=0.87  | Entry blocked: gap -0.7286 < ? 0.05 | persist 0.0862 < ? 0.87 | Matrix: 8?8 states ? diag mean=0.1206 ? lookback=200 bars"
2026-04-25T09:43:20.983590,XBTUSD,HOLD,0.0,0.0,0,0,0,0,77734.1,76179.418,80843.464,"Composite score: +0.000 ? HOLD (confidence: 0.0%) [mode: markov] | [MARKOV_CHAINS | w=100% | -0.000] | State 1/7 (BEARISH return -0.027%) | j*=2 (lower-half bearish) | p?=0.1964  q=0.9250  gap=-0.7286 < ?=0.05  | Persist p(2,2)=0.0862 < ?=0.87  | Entry blocked: gap -0.7286 < ? 0.05 | persist 0.0862 < ? 0.87 | Matrix: 8?8 states ? diag mean=0.1206 ? lookback=200 bars"
2026-04-25T09:43:20.983590,XBTUSD,HOLD,0.0,0.0,0,0,0,0,77734.1,76179.418,80843.464,"Composite score: +0.000 ? HOLD (confidence: 0.0%) [mode: markov] | [MARKOV_CHAINS | w=100% | -0.000] | State 1/7 (BEARISH return -0.027%) | j*=2 (lower-half bearish) | p?=0.1964  q=0.9250  gap=-0.7286 < ?=0.05  | Persist p(2,2)=0.0862 < ?=0.87  | Entry blocked: gap -0.7286 < ? 0.05 | persist 0.0862 < ? 0.87 | Matrix: 8?8 states ? diag mean=0.1206 ? lookback=200 bars"
2026-04-25T09:43:20.983590,XBTUSD,HOLD,0.0,0.0,0,0,0,0,77734.1,76179.418,80843.464,"Composite score: +0.000 ? HOLD (confidence: 0.0%) [mode: markov] | [MARKOV_CHAINS | w=100% | -0.000] | State 1/7 (BEARISH return -0.027%) | j*=2 (lower-half bearish) | p?=0.1964  q=0.9250  gap=-0.7286 < ?=0.05  | Persist p(2,2)=0.0862 < ?=0.87  | Entry blocked: gap -0.7286 < ? 0.05 | persist 0.0862 < ? 0.87 | Matrix: 8?8 states ? diag mean=0.1206 ? lookback=200 bars"
2026-04-25T09:43:57.809544,XBTUSD,HOLD,0.0,0.0,0,0,0,0,77714.8,76160.504,80823.392,"Composite score: +0.000 ? HOLD (confidence: 0.0%) [mode: markov] | [MARKOV_CHAINS | w=100% | -0.000] | State 0/7 (BEARISH return -0.052%) | j*=0 (lower-half bearish) | p?=0.1964  q=0.8554  gap=-0.6590 < ?=0.05  | Persist p(0,0)=0.1964 < ?=0.87  | Entry blocked: gap -0.6590 < ? 0.05 | persist 0.1964 < ? 0.87 | Matrix: 8?8 states ? diag mean=0.1208 ? lookback=200 bars"
2026-04-25T09:52:48.907890,XBTUSD,HOLD,0.0,0.0,0,0,0,0,77757.1,76201.958,80867.384,"Composite score: +0.000 ? HOLD (confidence: 0.0%) [mode: markov] | [MARKOV_CHAINS | w=100% | +0.000] | State 2/7 (BEARISH return -0.009%) | j*=7 (upper-half bullish) | p?=0.2321  q=0.9749  gap=-0.7428 < ?=0.05  | Persist p(7,7)=0.0517 < ?=0.87  | Entry blocked: gap -0.7428 < ? 0.05 | persist 0.0517 < ? 0.87 | Matrix: 8?8 states ? diag mean=0.1284 ? lookback=200 bars"
2026-04-25T09:59:14.508787,XBTUSD,HOLD,-0.1795,18.0,-0.15,0.2046,-0.76,0.0216,77769.5,76214.11,80880.28,"Composite score: -0.180 ? HOLD (confidence: 18.0%) [mode: multi] | [TREND | w=30% | -0.150] |  EMA50 below EMA200 (0.01% gap) ? downtrend |  Price above EMA50 ? short-term bullish |  MACD above signal line ? bullish momentum |  MACD histogram contracting ? momentum fading | [MOMENTUM | w=25% | +0.205] |  No breakout ? price inside recent range |  Volume spike: 3.3x average (3.3x > 2.0x threshold) |  Neutral momentum: 1d=0.0%, 5d=0.2%, 20d=0.2% | [MEAN_REVERSION | w=25% | -0.760] |  RSI extremely overbought (75.0) ? strong mean-reversion SELL |  Price near upper Bollinger Band (BB% = 0.92) | [AI_MODEL | w=20% | +0.022] |  AI uncertain ? P(up)=51.1%, P(down)=48.9% |  Top features: returns_1d=0.064, vol_ratio_lag3=0.053, returns_1d_lag3=0.047 |  Model metrics ? Accuracy: 46.4%, AUC: 0.527"
2026-04-25T10:04:38.109059,XBTUSD,HOLD,-0.1472,14.7,-0.05,0.0488,-0.595,0.0216,77790.4,76234.592,80902.016,"Composite score: -0.147 ? HOLD (confidence: 14.7%) [mode: multi] | [TREND | w=30% | -0.050] |  EMA50 below EMA200 (0.01% gap) ? downtrend |  Price above EMA50 ? short-term bullish |  MACD above signal line ? bullish momentum |  MACD histogram expanding ? momentum accelerating | [MOMENTUM | w=25% | +0.049] |  No breakout ? price inside recent range |  Slightly elevated volume (1.8x average) |  Neutral momentum: 1d=0.1%, 5d=0.0%, 20d=0.3% | [MEAN_REVERSION | w=25% | -0.595] |  RSI overbought (71.9 > 70) ? potential reversal down |  Price near upper Bollinger Band (BB% = 0.97) | [AI_MODEL | w=20% | +0.022] |  AI uncertain ? P(up)=51.1%, P(down)=48.9% |  Top features: returns_1d=0.064, vol_ratio_lag3=0.053, returns_1d_lag3=0.047 |  Model metrics ? Accuracy: 46.4%, AUC: 0.527"
2026-04-25T10:09:37.926691,XBTUSD,HOLD,0.0,0.0,0,0,0,0,77798.1,76242.138,80910.024,"Composite score: +0.000 ? HOLD (confidence: 0.0%) [mode: markov] | [MARKOV_CHAINS | w=100% | -0.000] | State 5/7 (BULLISH return +0.015%) | j*=1 (lower-half bearish) | p?=0.2321  q=1.0000  gap=-0.7679 < ?=0.05  | Persist p(1,1)=0.1552 < ?=0.87  | Entry blocked: gap -0.7679 < ? 0.05 | persist 0.1552 < ? 0.87 | Matrix: 8?8 states ? diag mean=0.1212 ? lookback=200 bars"
2026-04-25T11:50:04.324289,XBTUSD,HOLD,0.1143,11.4,0.35,-0.0047,0.0,0.0522,77679.6,76126.008,80786.784,"Composite score: +0.114 ? HOLD (confidence: 11.4%) [mode: multi] | [TREND | w=30% | +0.350] |  EMA50 above EMA200 (1.46% gap) ? uptrend |  Price below EMA50 ? short-term bearish |  MACD above signal line ? bullish momentum |  MACD histogram contracting ? momentum fading | [MOMENTUM | w=25% | -0.005] |  No breakout ? price inside recent range |  Normal volume (0.7x average) |  Neutral momentum: 1d=-0.2%, 5d=0.2%, 20d=-0.5% | [MEAN_REVERSION | w=25% | +0.000] |  RSI neutral (48.9) ? no signal |  Price in upper half of BB (BB% = 0.63) | [AI_MODEL | w=20% | +0.052] |  Model auto-trained | Accuracy: 44.7% | AUC: 0.516 |  AI uncertain ? P(up)=52.6%, P(down)=47.4% |  Top features: vol_ratio_lag3=0.071, returns_1d=0.062, returns_1d_lag3=0.049 |  Model metrics ? Accuracy: 44.7%, AUC: 0.516"
2026-04-25T11:50:18.952389,XBTUSD,HOLD,0.0,0.0,0,0,0,0,77679.7,76126.106,80786.888,"Composite score: +0.000 ? HOLD (confidence: 0.0%) [mode: markov] | [MARKOV_CHAINS | w=100% | -0.000] | State 2/7 (BEARISH return -0.157%) | j*=1 (lower-half bearish) | p?=0.2679  q=0.2920  gap=-0.0241 < ?=0.05  | Persist p(1,1)=0.0862 < ?=0.87  | Entry blocked: gap -0.0241 < ? 0.05 | persist 0.0862 < ? 0.87 | Matrix: 8?8 states ? diag mean=0.1165 ? lookback=200 bars"
2026-04-25T11:50:18.952389,XBTUSD,HOLD,0.0,0.0,0,0,0,0,77679.7,76126.106,80786.888,"Composite score: +0.000 ? HOLD (confidence: 0.0%) [mode: markov] | [MARKOV_CHAINS | w=100% | -0.000] | State 2/7 (BEARISH return -0.157%) | j*=1 (lower-half bearish) | p?=0.2679  q=0.2920  gap=-0.0241 < ?=0.05  | Persist p(1,1)=0.0862 < ?=0.87  | Entry blocked: gap -0.0241 < ? 0.05 | persist 0.0862 < ? 0.87 | Matrix: 8?8 states ? diag mean=0.1165 ? lookback=200 bars"
2026-04-25T11:50:42.563782,XBTUSD,HOLD,0.0,0.0,0,0,0,0,105.8531,103.736,110.0872,"Composite score: +0.000 ? HOLD (confidence: 0.0%) [mode: markov] | [MARKOV_CHAINS | w=100% | +0.000] | State 5/7 (BULLISH return +1.052%) | j*=4 (upper-half bullish) | p?=0.1964  q=0.8809  gap=-0.6845 < ?=0.05  | Persist p(4,4)=0.1207 < ?=0.87  | Entry blocked: gap -0.6845 < ? 0.05 | persist 0.1207 < ? 0.87 | Matrix: 8?8 states ? diag mean=0.1083 ? lookback=200 bars"
2026-04-25T11:50:56.921979,XAUUSD,HOLD,0.0,0.0,0,0,0,0,4725.3999,4630.8919,4914.4159,"Composite score: +0.000 ? HOLD (confidence: 0.0%) [mode: markov] | [MARKOV_CHAINS | w=100% | -0.000] | State 1/7 (BEARISH return -0.142%) | j*=1 (lower-half bearish) | p?=0.1964  q=0.4885  gap=-0.2921 < ?=0.05  | Persist p(1,1)=0.1964 < ?=0.87  | Entry blocked: gap -0.2921 < ? 0.05 | persist 0.1964 < ? 0.87 | Matrix: 8?8 states ? diag mean=0.1302 ? lookback=200 bars"
2026-04-25T11:51:46.535483,BTCUSD,HOLD,0.0,0.0,0,0,0,0,77696.3,76142.374,80804.152,"Composite score: +0.000 ? HOLD (confidence: 0.0%) [mode: markov] | [MARKOV_CHAINS | w=100% | -0.000] | State 2/7 (BEARISH return -0.135%) | j*=1 (lower-half bearish) | p?=0.2679  q=0.3070  gap=-0.0391 < ?=0.05  | Persist p(1,1)=0.0862 < ?=0.87  | Entry blocked: gap -0.0391 < ? 0.05 | persist 0.0862 < ? 0.87 | Matrix: 8?8 states ? diag mean=0.1165 ? lookback=200 bars"
2026-04-25T11:51:46.535483,BTCUSD,HOLD,0.0,0.0,0,0,0,0,77696.3,76142.374,80804.152,"Composite score: +0.000 ? HOLD (confidence: 0.0%) [mode: markov] | [MARKOV_CHAINS | w=100% | -0.000] | State 2/7 (BEARISH return -0.135%) | j*=1 (lower-half bearish) | p?=0.2679  q=0.3070  gap=-0.0391 < ?=0.05  | Persist p(1,1)=0.0862 < ?=0.87  | Entry blocked: gap -0.0391 < ? 0.05 | persist 0.0862 < ? 0.87 | Matrix: 8?8 states ? diag mean=0.1165 ? lookback=200 bars"
2026-04-25T11:54:48.574147,BTCUSD,HOLD,0.0,0.0,0,0,0,0,105.8531,103.736,110.0872,"Composite score: +0.000 ? HOLD (confidence: 0.0%) [mode: markov] | [MARKOV_CHAINS | w=100% | +0.000] | State 5/7 (BULLISH return +1.052%) | j*=4 (upper-half bullish) | p?=0.1964  q=0.8809  gap=-0.6845 < ?=0.05  | Persist p(4,4)=0.1207 < ?=0.87  | Entry blocked: gap -0.6845 < ? 0.05 | persist 0.1207 < ? 0.87 | Matrix: 8?8 states ? diag mean=0.1083 ? lookback=200 bars"
2026-04-25T12:03:48.526668,BTCUSD,HOLD,0.0,0.0,0,0,0,0,105.8531,103.736,110.0872,"Composite score: +0.000 ? HOLD (confidence: 0.0%) [mode: markov] | [MARKOV_CHAINS | w=100% | +0.000] | State 5/7 (BULLISH return +1.052%) | j*=4 (upper-half bullish) | p?=0.1964  q=0.8809  gap=-0.6845 < ?=0.05  | Persist p(4,4)=0.1207 < ?=0.87  | Entry blocked: gap -0.6845 < ? 0.05 | persist 0.1207 < ? 0.87 | Matrix: 8?8 states ? diag mean=0.1083 ? lookback=200 bars"
2026-04-25T12:03:48.526668,BTCUSD,HOLD,0.0,0.0,0,0,0,0,105.8531,103.736,110.0872,"Composite score: +0.000 ? HOLD (confidence: 0.0%) [mode: markov] | [MARKOV_CHAINS | w=100% | +0.000] | State 5/7 (BULLISH return +1.052%) | j*=4 (upper-half bullish) | p?=0.1964  q=0.8809  gap=-0.6845 < ?=0.05  | Persist p(4,4)=0.1207 < ?=0.87  | Entry blocked: gap -0.6845 < ? 0.05 | persist 0.1207 < ? 0.87 | Matrix: 8?8 states ? diag mean=0.1083 ? lookback=200 bars"
2026-04-25T12:05:19.314960,BTCUSD,HOLD,0.0,0.0,0,0,0,0,105.8531,103.736,110.0872,"Composite score: +0.000 ? HOLD (confidence: 0.0%) [mode: markov] | [MARKOV_CHAINS | w=100% | +0.000] | State 5/7 (BULLISH return +1.052%) | j*=4 (upper-half bullish) | p?=0.1964  q=0.8809  gap=-0.6845 < ?=0.05  | Persist p(4,4)=0.1207 < ?=0.87  | Entry blocked: gap -0.6845 < ? 0.05 | persist 0.1207 < ? 0.87 | Matrix: 8?8 states ? diag mean=0.1083 ? lookback=200 bars"
2026-04-25T12:05:19.314960,BTCUSD,HOLD,0.0,0.0,0,0,0,0,105.8531,103.736,110.0872,"Composite score: +0.000 ? HOLD (confidence: 0.0%) [mode: markov] | [MARKOV_CHAINS | w=100% | +0.000] | State 5/7 (BULLISH return +1.052%) | j*=4 (upper-half bullish) | p?=0.1964  q=0.8809  gap=-0.6845 < ?=0.05  | Persist p(4,4)=0.1207 < ?=0.87  | Entry blocked: gap -0.6845 < ? 0.05 | persist 0.1207 < ? 0.87 | Matrix: 8?8 states ? diag mean=0.1083 ? lookback=200 bars"
2026-04-25T12:05:19.314960,BTCUSD,HOLD,0.0,0.0,0,0,0,0,105.8531,103.736,110.0872,"Composite score: +0.000 ? HOLD (confidence: 0.0%) [mode: markov] | [MARKOV_CHAINS | w=100% | +0.000] | State 5/7 (BULLISH return +1.052%) | j*=4 (upper-half bullish) | p?=0.1964  q=0.8809  gap=-0.6845 < ?=0.05  | Persist p(4,4)=0.1207 < ?=0.87  | Entry blocked: gap -0.6845 < ? 0.05 | persist 0.1207 < ? 0.87 | Matrix: 8?8 states ? diag mean=0.1083 ? lookback=200 bars"
2026-04-25T12:05:58.545673,BTCUSD,HOLD,0.0,0.0,0,0,0,0,105.8531,103.736,110.0872,"Composite score: +0.000 ? HOLD (confidence: 0.0%) [mode: markov] | [MARKOV_CHAINS | w=100% | +0.000] | State 5/7 (BULLISH return +1.052%) | j*=4 (upper-half bullish) | p?=0.1964  q=0.8809  gap=-0.6845 < ?=0.05  | Persist p(4,4)=0.1207 < ?=0.87  | Entry blocked: gap -0.6845 < ? 0.05 | persist 0.1207 < ? 0.87 | Matrix: 8?8 states ? diag mean=0.1083 ? lookback=200 bars"
2026-04-25T12:06:27.551666,BTCAED,HOLD,0.0,0.0,0,0,0,0,105.8531,103.736,110.0872,"Composite score: +0.000 ? HOLD (confidence: 0.0%) [mode: markov] | [MARKOV_CHAINS | w=100% | +0.000] | State 5/7 (BULLISH return +1.052%) | j*=4 (upper-half bullish) | p?=0.1964  q=0.8809  gap=-0.6845 < ?=0.05  | Persist p(4,4)=0.1207 < ?=0.87  | Entry blocked: gap -0.6845 < ? 0.05 | persist 0.1207 < ? 0.87 | Matrix: 8?8 states ? diag mean=0.1083 ? lookback=200 bars"
2026-04-25T12:06:27.551666,BTCAED,HOLD,0.0,0.0,0,0,0,0,105.8531,103.736,110.0872,"Composite score: +0.000 ? HOLD (confidence: 0.0%) [mode: markov] | [MARKOV_CHAINS | w=100% | +0.000] | State 5/7 (BULLISH return +1.052%) | j*=4 (upper-half bullish) | p?=0.1964  q=0.8809  gap=-0.6845 < ?=0.05  | Persist p(4,4)=0.1207 < ?=0.87  | Entry blocked: gap -0.6845 < ? 0.05 | persist 0.1207 < ? 0.87 | Matrix: 8?8 states ? diag mean=0.1083 ? lookback=200 bars"
2026-04-25T12:07:00.204562,BTCAED,HOLD,0.0,0.0,0,0,0,0,105.8531,103.736,110.0872,"Composite score: +0.000 ? HOLD (confidence: 0.0%) [mode: markov] | [MARKOV_CHAINS | w=100% | +0.000] | State 5/7 (BULLISH return +1.052%) | j*=4 (upper-half bullish) | p?=0.1964  q=0.8809  gap=-0.6845 < ?=0.05  | Persist p(4,4)=0.1207 < ?=0.87  | Entry blocked: gap -0.6845 < ? 0.05 | persist 0.1207 < ? 0.87 | Matrix: 8?8 states ? diag mean=0.1083 ? lookback=200 bars"
2026-04-25T12:09:09.581970,BTCUSDT,HOLD,0.0,0.0,0,0,0,0,105.8531,103.736,110.0872,"Composite score: +0.000 ? HOLD (confidence: 0.0%) [mode: markov] | [MARKOV_CHAINS | w=100% | +0.000] | State 5/7 (BULLISH return +1.052%) | j*=4 (upper-half bullish) | p?=0.1964  q=0.8809  gap=-0.6845 < ?=0.05  | Persist p(4,4)=0.1207 < ?=0.87  | Entry blocked: gap -0.6845 < ? 0.05 | persist 0.1207 < ? 0.87 | Matrix: 8?8 states ? diag mean=0.1083 ? lookback=200 bars"
2026-04-25T12:19:53.591416,BTCUSDT,HOLD,0.0,0.0,0,0,0,0,105.8531,103.736,110.0872,"Composite score: +0.000 ? HOLD (confidence: 0.0%) [mode: markov] | [MARKOV_CHAINS | w=100% | +0.000] | State 5/7 (BULLISH return +1.052%) | j*=4 (upper-half bullish) | p?=0.1964  q=0.8809  gap=-0.6845 < ?=0.05  | Persist p(4,4)=0.1207 < ?=0.87  | Entry blocked: gap -0.6845 < ? 0.05 | persist 0.1207 < ? 0.87 | Matrix: 8?8 states ? diag mean=0.1083 ? lookback=200 bars"
2026-04-25T12:20:12.969632,BTC,HOLD,0.0,0.0,0,0,0,0,105.8531,103.736,110.0872,"Composite score: +0.000 ? HOLD (confidence: 0.0%) [mode: markov] | [MARKOV_CHAINS | w=100% | +0.000] | State 5/7 (BULLISH return +1.052%) | j*=4 (upper-half bullish) | p?=0.1964  q=0.8809  gap=-0.6845 < ?=0.05  | Persist p(4,4)=0.1207 < ?=0.87  | Entry blocked: gap -0.6845 < ? 0.05 | persist 0.1207 < ? 0.87 | Matrix: 8?8 states ? diag mean=0.1083 ? lookback=200 bars"
2026-04-25T12:21:11.530941,BTC-USD,HOLD,0.0,0.0,0,0,0,0,105.8531,103.736,110.0872,"Composite score: +0.000 ? HOLD (confidence: 0.0%) [mode: markov] | [MARKOV_CHAINS | w=100% | +0.000] | State 5/7 (BULLISH return +1.052%) | j*=4 (upper-half bullish) | p?=0.1964  q=0.8809  gap=-0.6845 < ?=0.05  | Persist p(4,4)=0.1207 < ?=0.87  | Entry blocked: gap -0.6845 < ? 0.05 | persist 0.1207 < ? 0.87 | Matrix: 8?8 states ? diag mean=0.1083 ? lookback=200 bars"
2026-04-25T12:22:26.181158,BTC-USD,HOLD,0.0,0.0,0,0,0,0,105.8531,103.736,110.0872,"Composite score: +0.000 ? HOLD (confidence: 0.0%) [mode: markov] | [MARKOV_CHAINS | w=100% | +0.000] | State 5/7 (BULLISH return +1.052%) | j*=4 (upper-half bullish) | p?=0.1964  q=0.8809  gap=-0.6845 < ?=0.05  | Persist p(4,4)=0.1207 < ?=0.87  | Entry blocked: gap -0.6845 < ? 0.05 | persist 0.1207 < ? 0.87 | Matrix: 8?8 states ? diag mean=0.1083 ? lookback=200 bars"
2026-04-25T12:22:39.795161,BTC-AED,HOLD,0.0,0.0,0,0,0,0,105.8531,103.736,110.0872,"Composite score: +0.000 ? HOLD (confidence: 0.0%) [mode: markov] | [MARKOV_CHAINS | w=100% | +0.000] | State 5/7 (BULLISH return +1.052%) | j*=4 (upper-half bullish) | p?=0.1964  q=0.8809  gap=-0.6845 < ?=0.05  | Persist p(4,4)=0.1207 < ?=0.87  | Entry blocked: gap -0.6845 < ? 0.05 | persist 0.1207 < ? 0.87 | Matrix: 8?8 states ? diag mean=0.1083 ? lookback=200 bars"
2026-04-25T12:23:03.181709,BTC-USD,HOLD,0.0,0.0,0,0,0,0,105.8531,103.736,110.0872,"Composite score: +0.000 ? HOLD (confidence: 0.0%) [mode: markov] | [MARKOV_CHAINS | w=100% | +0.000] | State 5/7 (BULLISH return +1.052%) | j*=4 (upper-half bullish) | p?=0.1964  q=0.8809  gap=-0.6845 < ?=0.05  | Persist p(4,4)=0.1207 < ?=0.87  | Entry blocked: gap -0.6845 < ? 0.05 | persist 0.1207 < ? 0.87 | Matrix: 8?8 states ? diag mean=0.1083 ? lookback=200 bars"
2026-04-25T12:23:16.268351,BTC-USD,HOLD,0.0,0.0,0,0,0,0,105.8531,103.736,110.0872,"Composite score: +0.000 ? HOLD (confidence: 0.0%) [mode: markov] | [MARKOV_CHAINS | w=100% | +0.000] | State 5/7 (BULLISH return +1.052%) | j*=4 (upper-half bullish) | p?=0.1964  q=0.8809  gap=-0.6845 < ?=0.05  | Persist p(4,4)=0.1207 < ?=0.87  | Entry blocked: gap -0.6845 < ? 0.05 | persist 0.1207 < ? 0.87 | Matrix: 8?8 states ? diag mean=0.1083 ? lookback=200 bars"
2026-04-25T12:23:28.727633,BTC-AED,HOLD,0.0,0.0,0,0,0,0,105.8531,103.736,110.0872,"Composite score: +0.000 ? HOLD (confidence: 0.0%) [mode: markov] | [MARKOV_CHAINS | w=100% | +0.000] | State 5/7 (BULLISH return +1.052%) | j*=4 (upper-half bullish) | p?=0.1964  q=0.8809  gap=-0.6845 < ?=0.05  | Persist p(4,4)=0.1207 < ?=0.87  | Entry blocked: gap -0.6845 < ? 0.05 | persist 0.1207 < ? 0.87 | Matrix: 8?8 states ? diag mean=0.1083 ? lookback=200 bars"
2026-04-25T12:24:46.333531,BTC,HOLD,0.0,0.0,0,0,0,0,105.8531,103.736,110.0872,"Composite score: +0.000 ? HOLD (confidence: 0.0%) [mode: markov] | [MARKOV_CHAINS | w=100% | +0.000] | State 5/7 (BULLISH return +1.052%) | j*=4 (upper-half bullish) | p?=0.1964  q=0.8809  gap=-0.6845 < ?=0.05  | Persist p(4,4)=0.1207 < ?=0.87  | Entry blocked: gap -0.6845 < ? 0.05 | persist 0.1207 < ? 0.87 | Matrix: 8?8 states ? diag mean=0.1083 ? lookback=200 bars"
2026-04-25T12:25:42.663195,BTC,HOLD,0.0,0.0,0,0,0,0,105.8531,103.736,110.0872,"Composite score: +0.000 ? HOLD (confidence: 0.0%) [mode: markov] | [MARKOV_CHAINS | w=100% | +0.000] | State 5/7 (BULLISH return +1.052%) | j*=4 (upper-half bullish) | p?=0.1964  q=0.8809  gap=-0.6845 < ?=0.05  | Persist p(4,4)=0.1207 < ?=0.87  | Entry blocked: gap -0.6845 < ? 0.05 | persist 0.1207 < ? 0.87 | Matrix: 8?8 states ? diag mean=0.1083 ? lookback=200 bars"
2026-04-25T12:25:50.117547,BTC - USD,HOLD,0.0,0.0,0,0,0,0,105.8531,103.736,110.0872,"Composite score: +0.000 ? HOLD (confidence: 0.0%) [mode: markov] | [MARKOV_CHAINS | w=100% | +0.000] | State 5/7 (BULLISH return +1.052%) | j*=4 (upper-half bullish) | p?=0.1964  q=0.8809  gap=-0.6845 < ?=0.05  | Persist p(4,4)=0.1207 < ?=0.87  | Entry blocked: gap -0.6845 < ? 0.05 | persist 0.1207 < ? 0.87 | Matrix: 8?8 states ? diag mean=0.1083 ? lookback=200 bars"
2026-04-25T12:25:50.117547,BTC - USD,HOLD,0.0,0.0,0,0,0,0,105.8531,103.736,110.0872,"Composite score: +0.000 ? HOLD (confidence: 0.0%) [mode: markov] | [MARKOV_CHAINS | w=100% | +0.000] | State 5/7 (BULLISH return +1.052%) | j*=4 (upper-half bullish) | p?=0.1964  q=0.8809  gap=-0.6845 < ?=0.05  | Persist p(4,4)=0.1207 < ?=0.87  | Entry blocked: gap -0.6845 < ? 0.05 | persist 0.1207 < ? 0.87 | Matrix: 8?8 states ? diag mean=0.1083 ? lookback=200 bars"
2026-04-25T13:43:52.073796,BTC - USD,HOLD,0.0,0.0,0,0,0,0,105.8531,103.736,110.0872,"Composite score: +0.000 ? HOLD (confidence: 0.0%) [mode: markov] | [MARKOV_CHAINS | w=100% | +0.000] | State 5/7 (BULLISH return +1.052%) | j*=4 (upper-half bullish) | p?=0.1964  q=0.8809  gap=-0.6845 < ?=0.05  | Persist p(4,4)=0.1207 < ?=0.87  | Entry blocked: gap -0.6845 < ? 0.05 | persist 0.1207 < ? 0.87 | Matrix: 8?8 states ? diag mean=0.1083 ? lookback=200 bars"
2026-04-25T13:43:52.073796,BTC - USD,HOLD,0.0,0.0,0,0,0,0,105.8531,103.736,110.0872,"Composite score: +0.000 ? HOLD (confidence: 0.0%) [mode: markov] | [MARKOV_CHAINS | w=100% | +0.000] | State 5/7 (BULLISH return +1.052%) | j*=4 (upper-half bullish) | p?=0.1964  q=0.8809  gap=-0.6845 < ?=0.05  | Persist p(4,4)=0.1207 < ?=0.87  | Entry blocked: gap -0.6845 < ? 0.05 | persist 0.1207 < ? 0.87 | Matrix: 8?8 states ? diag mean=0.1083 ? lookback=200 bars"
